Listing,Address,City,Neighbourhood,Beds,Baths,Property Type,Unit Type,Sold Date,Selling Price,Asking Price (Final),Asking Price (Original),Sqft,Age,Property Tax,Ownership Type,Maintenance Fee,Rules,Zoning
R2448653,# 519 388 KOOTENAY STREET,Vancouver,Hastings Sunrise,2,1,Apartment,Upper Unit,2020-Apr-29,"$590,000","$599,800","$625,800",802,5,"$1,498.73",Freehold Strata,$389.71,"Pets Allowed, Rentals Allowed",C2-C
R2444219,# 901 3740 ALBERT STREET,Burnaby,Vancouver Heights,2,1,Apartment,Upper Unit,2020-Mar-23,"$490,000","$525,000","$525,000",877,36,"$2,149.72",Freehold Strata,$344.10,"Pets Not Allowed, Rentals Allowed with Restrictions",CD
R2451408,# 607 3760 ALBERT STREET,Burnaby,Vancouver Heights,1,1,Apartment,Inside Unit,2020-Jun-05,"$358,500","$374,900","$374,900",704,37,"$1,871.30",Freehold Strata,$241.60,"Pets Not Allowed, Rentals Allowed with Restrictions",CD
R2452612,# 201 3740 ALBERT STREET,Burnaby,Vancouver Heights,2,1,Apartment,Inside Unit,2020-May-12,"$420,000","$429,000","$429,000",876,36,"$1,395",Freehold Strata,$343.68,"Pets Not Allowed, Rentals Allowed with Restrictions",CD
R2436217,# 405 3760 ALBERT STREET,Burnaby,Vancouver Heights,2,1,Apartment,Inside Unit,2020-Feb-20,"$485,000","$499,000","$499,000",864,38,"$2,155.41",Freehold Strata,$369,"Pets Not Allowed, Rentals Allowed with Restrictions",CD
R2463150,# 108 3709 PENDER STREET,Burnaby,Willingdon Heights,1,1,Apartment,1 Storey,2020-Jun-10,"$440,000","$439,900","$439,900",780,26,"$2,020.05",Freehold Strata,$240.28,"Pets Allowed, Pets Allowed with Restrictions, Rentals Allowed with Restrictions",MF
R2431467,# 205 3709 PENDER STREET,Burnaby,Willingdon Heights,1,1,Townhouse,,2020-Mar-09,"$430,000","$448,888","$448,888",730,26,"$1,991.64",Freehold Strata,$240,"Pets Allowed with Restrictions, Rentals Allowed with Restrictions",CD
R2443154,# 507 3920 HASTINGS STREET,Burnaby,Willingdon Heights,2,1,Apartment,Upper Unit,2020-Mar-21,"$572,500","$575,000","$575,000","1,147",34,"$2,412.86",Freehold Strata,$377.97,"Pets Not Allowed, Rentals Not Allowed",CD
R2450652,# 1106 3920 HASTINGS STREET,Burnaby,Willingdon Heights,2,1,Apartment,"Corner Unit, Upper Unit",2020-May-14,"$520,000","$559,900","$575,000",989,34,"$2,347.53",Freehold Strata,$336.91,"Pets Not Allowed, Rentals Not Allowed",CD
R2453402,# 304 4307 HASTINGS STREET,Burnaby,Vancouver Heights,1,1,Apartment,1 Storey,2020-May-05,"$560,000","$569,000","$569,000",624,5,"$2,267.33",Freehold Strata,$291.34,"Pets Allowed, Rentals Allowed",CD
R2418061,# 303 4307 HASTINGS STREET,Burnaby,Vancouver Heights,1,1,Apartment,1 Storey,2020-Jan-07,"$553,000","$588,000","$588,000",624,5,"$2,301.43",Freehold Strata,$276.78,"Pets Allowed with Restrictions, Rentals Allowed",CD
R2441420,# 303 4477 HASTINGS STREET,Burnaby,Vancouver Heights,1,1,Apartment,1 Storey,2020-Mar-07,"$595,900","$595,900","$595,900",727,New,,Freehold Strata,$270.03,"Pets Allowed with Restrictions, Rentals Allowed",CD
R2441410,# 309 4477 HASTINGS STREET,Burnaby,Vancouver Heights,1,1,Apartment,1 Storey,2020-Jun-10,"$559,900","$559,900","$559,900",722,New,,Freehold Strata,$266.06,"Pets Allowed with Restrictions, Rentals Allowed",CD
R2443545,# 205 4710 HASTINGS STREET,Burnaby,Capitol Hill BN,1,1,Apartment,Inside Unit,2020-Mar-11,"$460,000","$469,888","$469,888",563,8,"$1,902.03",Freehold Strata,$311.68,"Pets Allowed with Restrictions, Rentals Allowed",CD
R2438222,# 305 5335 E HASTINGS STREET,Burnaby,Capitol Hill BN,1,1,Apartment,Upper Unit,2020-Mar-03,"$376,000","$399,900","$399,900",849,34,"$1,773.97",Freehold Strata,$326.27,"Pets Allowed with Restrictions, Pets Not Allowed",RM3
R2447868,# 310 5335 HASTINGS STREET,Burnaby,Capitol Hill BN,1,1,Apartment,"Inside Unit, Upper Unit",2020-Apr-25,"$330,000","$349,999","$349,999",745,34,"$1,688.44",Freehold Strata,$286.57,"Pets Not Allowed, Rentals Allowed with Restrictions",RM3
R2387925,# 301 5450 EMPIRE DRIVE,Burnaby,Capitol Hill BN,1,1,Apartment,Inside Unit,2019-Nov-24,"$305,000","$320,000","$340,000",642,45,"$1,333.58",Freehold Strata,$253.09,"Pets Allowed with Restrictions, Rentals Allowed with Restrictions",RM3
R2438463,# 307 5450 EMPIRE DRIVE,Burnaby,Capitol Hill BN,1,1,Apartment,"Penthouse, Upper Unit",2020-Mar-15,"$265,000","$319,800","$319,800",622,44,"$1,515.57",Freehold Strata,$287.25,"Pets Allowed with Restrictions, Rentals Allowed with Restrictions",RM-3
R2439238,# 305 371 ELLESMERE AVENUE,Burnaby,Capitol Hill BN,2,2,Apartment,Corner Unit,2020-Mar-02,"$435,000","$435,000","$435,000",881,47,"$1,946.16",Freehold Strata,$358.12,"Pets Allowed with Restrictions, Rentals Not Allowed",APT
R2445111,# 104 371 ELLESMERE AVENUE,Burnaby,Capitol Hill BN,2,2,Apartment,Corner Unit,2020-Apr-30,"$410,000","$429,000","$429,000",901,47,"$1,977.69",Freehold Strata,$358.12,"Pets Allowed with Restrictions, Rentals Not Allowed",RM3
R2401694,# 82 5820 HASTINGS STREET,Burnaby,Capitol Hill BN,3,3,Apartment,End Unit,2020-May-17,"$387,000","$419,900","$419,900","1,039",55,,Undivided Interest,$456,"Pets Not Allowed, Rentals Allowed",RM1
R2431842,# 24 5988 HASTINGS STREET,Burnaby,Capitol Hill BN,1,1,Apartment,1 Storey,2020-Feb-03,"$440,000","$439,900","$439,900",730,26,"$2,058.05",Freehold Strata,$208.52,"Pets Allowed with Restrictions, Rentals Allowed with Restrictions",CD
R2450845,# 42 6965 HASTINGS STREET,Burnaby,Sperling-Duthie,2,2,Townhouse,,2020-May-18,"$555,000","$585,000","$599,000",922,9,"$2,386.52",Freehold Strata,$309.78,"Pets Allowed with Restrictions, Rentals Allowed with Restrictions",RM3
R2455520,# 8 7110 BARNET ROAD,Burnaby,Westridge BN,3,2,Townhouse,,2020-Jun-01,"$568,000","$580,000","$580,000","1,123",32,"$2,223.04",Freehold Strata,$267.92,"Pets Allowed with Restrictions, Rentals Allowed with Restrictions",CD
R2457669,# 1102 1888 GILMORE AVENUE,Burnaby,Brentwood Park,1,1,Apartment,Upper Unit,2020-May-22,"$470,000","$479,000","$479,000",482,New,,Freehold Strata,$196.90,"Pets Allowed with Restrictions, Rentals Allowed",CDRM5
R2441310,# 802 4189 HALIFAX STREET,Burnaby,Brentwood Park,1,1,Apartment,Upper Unit,2020-Mar-15,"$554,900","$559,900","$559,900",634,5,"$2,301.73",Freehold Strata,$217.98,"Pets Allowed with Restrictions, Rentals Allowed",CD
R2429892,# 504 4132 HALIFAX STREET,Burnaby,Brentwood Park,1,1,Apartment,Corner Unit,2020-Jan-25,"$539,000","$539,000","$539,000",752,15,"$2,174.27",Freehold Strata,$276.96,"Pets Allowed with Restrictions, Rentals Allowed with Restrictions",CD
R2448185,# 1301 1888 GILMORE AVENUE,Burnaby,Brentwood Park,1,1,Apartment,"1 Storey, Corner Unit",2020-Apr-26,"$600,000","$618,000","$618,000",618,New,,Freehold Strata,$259.56,No Restrictions,CDRM5
R2451922,# 1302 1888 GILMORE AVENUE,Burnaby,Brentwood Park,1,1,Apartment,Corner Unit,2020-May-06,"$474,000","$498,000","$498,000",482,New,,Freehold Strata,$195.28,"Pets Allowed, Rentals Allowed",CDRM5
R2450922,# 2202 1888 GILMORE DRIVE,Burnaby,Brentwood Park,1,1,Apartment,Corner Unit,2020-May-02,"$478,000","$499,900","$499,900",486,New,,Freehold Strata,$196.90,"Pets Allowed with Restrictions, Rentals Allowed",CDRM5
R2448419,# 3302 1888 GILMORE AVENUE,Burnaby,Brentwood Park,1,1,Apartment,Upper Unit,2020-May-02,"$485,000","$499,000","$549,000",486,New,,Freehold Strata,$196.90,"Pets Allowed, Rentals Allowed",CDRM5
R2447864,# 3202 1888 GILMORE AVENUE,Burnaby,Brentwood Park,1,1,Apartment,Upper Unit,2020-Apr-21,"$485,000","$485,000","$539,800",486,New,,Freehold Strata,$196.90,"Pets Allowed, Rentals Allowed",CDRM5
R2448120,# 3702 1888 GILMORE AVENUE,Burnaby,Brentwood Park,0,1,Apartment,Upper Unit,2020-May-04,"$505,000","$535,000","$554,800",490,New,,Freehold Strata,$231.67,"Pets Allowed, Rentals Allowed",CDRM5
R2451533,# 806 4398 BUCHANAN STREET,Burnaby,Brentwood Park,2,1,Apartment,Corner Unit,2020-May-05,"$560,000","$599,000","$599,000",843,19,"$2,435.25",Freehold Strata,$260,"Pets Allowed with Restrictions, Rentals Allowed with Restrictions",CD
R2439077,# 905 4353 HALIFAX STREET,Burnaby,Brentwood Park,2,1,Apartment,"Corner Unit, Upper Unit",2020-Apr-10,"$509,000","$505,000","$519,000",940,37,"$2,134.63",Freehold Strata,$346.09,"Pets Not Allowed, Rentals Allowed",CD
R2427039,# 121 4373 HALIFAX STREET,Burnaby,Brentwood Park,1,1,Apartment,"End Unit, Inside Unit",2020-Jan-16,"$383,888","$399,000","$399,000",696,38,"$1,841.99",Freehold Strata,$256.49,"Pets Not Allowed, Rentals Allowed",CD
R2421567,# 414 4373 HALIFAX STREET,Burnaby,Brentwood Park,1,1,Apartment,Upper Unit,2019-Nov-29,"$450,000","$460,000","$460,000",717,38,"$1,739.72",Freehold Strata,$255.70,"Pets Not Allowed, Rentals Allowed",CD
R2432683,# 108 4363 HALIFAX STREET,Burnaby,Brentwood Park,2,1,Apartment,"Ground Level Unit, Inside Unit",2020-Feb-10,"$460,000","$419,000","$419,000",887,37,"$2,029.52",Freehold Strata,$319.92,"Pets Not Allowed, Rentals Allowed",CD
R2436778,# 2203 4353 HALIFAX STREET,Burnaby,Brentwood Park,2,1,Apartment,Upper Unit,2020-Mar-04,"$508,000","$525,000","$525,000",939,36,"$2,225.55",Freehold Strata,$346.09,"Pets Not Allowed, Rentals Allowed",APT
R2428604,# 3903 4510 HALIFAX WAY,Burnaby,Brentwood Park,1,1,Apartment,"1 Storey, Upper Unit",2020-Jan-15,"$588,000","$599,000","$599,000",556,1,,Freehold Strata,$297.53,"Pets Allowed with Restrictions, Rentals Allowed",CD
R2443483,# 1705 4485 SKYLINE DRIVE,Burnaby,Brentwood Park,1,1,Apartment,Upper Unit,2020-May-05,"$525,000","$545,000","$545,000",539,3,"$2,214.50",Freehold Strata,$269.09,"Pets Allowed with Restrictions, Rentals Allowed",MIXED
R2427269,# 1306 2008 ROSSER AVENUE,Burnaby,Brentwood Park,1,1,Apartment,1 Storey,2020-Jan-16,"$575,000","$525,000","$525,000",587,5,"$2,361.79",Freehold Strata,$334.46,"Pets Allowed with Restrictions, Rentals Allowed",CD-RM5
R2452639,# 806 2008 ROSSER AVENUE,Burnaby,Brentwood Park,1,1,Apartment,"1 Storey, Upper Unit",2020-Jun-10,"$575,000","$575,000","$575,000",585,4,"$2,290.77",Freehold Strata,$334.46,"Pets Allowed with Restrictions, Rentals Allowed with Restrictions, Smoking Restrictions",CD
R2437677,# 303 2188 MADISON AVENUE,Burnaby,Brentwood Park,1,1,Apartment,"Inside Unit, Upper Unit",2020-Mar-17,"$590,000","$598,000","$608,000",705,2,"$2,417.03",Freehold Strata,$265,"Pets Allowed with Restrictions, Rentals Allowed",APT
R2441951,# 1701 4182 DAWSON STREET,Burnaby,Brentwood Park,1,1,Apartment,Upper Unit,2020-Mar-21,"$534,000","$549,000","$549,000",683,13,"$2,307.36",Freehold Strata,$275.99,"Pets Allowed with Restrictions, Rentals Allowed",CD
R2448566,# 507 4182 DAWSON STREET,Burnaby,Brentwood Park,1,1,Apartment,"Inside Unit, Upper Unit",2020-May-29,"$478,000","$489,900","$489,900",683,13,"$2,156.78",Freehold Strata,$275.99,"Pets Allowed with Restrictions, Rentals Allowed",CD
R2443435,# 605 4118 DAWSON STREET,Burnaby,Brentwood Park,1,1,Apartment,Inside Unit,2020-Mar-16,"$560,000","$575,000","$575,000",623,14,"$2,106.35",Freehold Strata,$246.22,"Pets Allowed with Restrictions, Rentals Allowed with Restrictions",CD
R2451423,# 306 4178 DAWSON STREET,Burnaby,Brentwood Park,1,1,Apartment,1 Storey,2020-Apr-28,"$494,000","$498,000","$498,000",635,14,"$2,080.79",Freehold Strata,$246.22,"Pets Allowed with Restrictions, Rentals Allowed",CD
R2449972,# 1505 4178 DAWSON STREET,Burnaby,Brentwood Park,1,1,Apartment,Inside Unit,2020-Apr-16,"$543,000","$558,000","$558,000",642,14,"$2,205.80",Freehold Strata,$246.22,"Pets Allowed with Restrictions, Rentals Allowed with Restrictions",CDRM5
R2433302,# 1805 4178 DAWSON STREET,Burnaby,Brentwood Park,1,1,Apartment,Upper Unit,2020-Mar-05,"$550,000","$559,000","$559,000",623,14,"$2,242.74",Freehold Strata,$246.22,"Pets Allowed with Restrictions, Rentals Allowed with Restrictions",CD
R2424366,# 1307 4285-4295 DAWSON STREET,Burnaby,Brentwood Park,1,1,Apartment,Inside Unit,2020-Jan-11,"$558,882","$558,882","$558,882",535,New,,Freehold Strata,$256.80,"Pets Allowed with Restrictions, Rentals Allowed",CD1
R2433034,# 1410 4285-4295 DAWSON STREET,Burnaby,Brentwood Park,1,1,Apartment,"Corner Unit, Inside Unit",2020-Feb-10,"$547,182","$547,182","$547,182",485,New,,Freehold Strata,$232.80,"Pets Allowed with Restrictions, Rentals Allowed",CD1
R2427796,# 1610 4285-4295 DAWSON STREET,Burnaby,Brentwood Park,1,1,Apartment,"Corner Unit, Inside Unit",2020-Jan-11,"$550,782","$550,782","$550,782",485,New,,Freehold Strata,$232.80,"Pets Allowed with Restrictions, Rentals Allowed",CD1
R2429360,# 609 2388 MADISON AVENUE,Burnaby,Brentwood Park,1,1,Apartment,"1 Storey, Inside Unit",2020-Feb-20,"$595,000","$599,800","$619,800",545,New,,Freehold Strata,$195,"Pets Allowed, Rentals Allowed",APT
R2440340,# 1203 2388 MADISON AVENUE,Burnaby,Brentwood Park,1,1,Apartment,1 Storey,2020-May-16,"$560,000","$587,000","$587,000",546,New,,Freehold Strata,$223.97,"Pets Allowed with Restrictions, Rentals Allowed",CD
R2433111,# 1210 2388 MADISON AVENUE,Burnaby,Brentwood Park,1,1,Apartment,Upper Unit,2020-Feb-29,"$569,000","$599,000","$599,000",550,New,"$1,070",Freehold Strata,$185.36,"Pets Allowed with Restrictions, Rentals Allowed",RM4
R2432325,# 1205 2388 MADISON AVENUE,Burnaby,Brentwood Park,1,1,Apartment,Upper Unit,2020-Feb-28,"$577,500","$595,000","$595,000",545,New,"$1,070.56",Freehold Strata,$185.36,"Pets Allowed with Restrictions, Rentals Allowed",RM-4
R2431191,# 1103 2388 MADISON AVENUE,Burnaby,Brentwood Park,1,1,Apartment,Upper Unit,2020-Jan-25,"$576,000","$588,800","$588,800",546,New,"$1,070.56",Freehold Strata,$185.36,"Pets Allowed with Restrictions, Rentals Allowed",RM-4
R2429393,# 1209 2388 MADISON AVENUE,Burnaby,Brentwood Park,1,1,Apartment,Upper Unit,2020-Jan-25,"$565,000","$599,000","$599,000",550,New,"$1,070.56",Freehold Strata,$185.36,"Pets Allowed, Rentals Allowed",RM-4
R2430493,# 1102 2378 ALPHA AVENUE,Burnaby,Brentwood Park,1,1,Apartment,1 Storey,2020-Feb-04,"$532,500","$538,000","$538,000",461,2,"$1,894.62",Freehold Strata,$216.73,"Pets Allowed, Rentals Allowed",CD
R2463311,# 1409 2378 ALPHA AVENUE,Burnaby,Brentwood Park,1,1,Apartment,Upper Unit,2020-Jun-14,"$538,000","$499,888","$499,888",551,2,"$2,130.43",Freehold Strata,$292.55,"Pets Allowed with Restrictions, Rentals Allowed",CD
R2436062,# 2202 2378 ALPHA AVENUE,Burnaby,Brentwood Park,1,1,Apartment,Upper Unit,2020-Feb-15,"$515,000","$510,000","$510,000",458,2,"$1,982.69",Freehold Strata,$222,No Restrictions,CD
R2430471,# 1407 2378 ALPHA AVENUE,Burnaby,Brentwood Park,1,1,Apartment,1 Storey,2020-Jan-25,"$515,000","$509,999","$509,999",471,2,"$1,948.60",Freehold Strata,$221.50,No Restrictions,STRATA
R2454411,# 1109 2378 ALPHA AVENUE,Burnaby,Brentwood Park,1,1,Apartment,1 Storey,2020-Jun-15,"$529,800","$559,000","$559,000",551,2,"$2,104.86",Freehold Strata,$292.54,"Pets Allowed with Restrictions, Rentals Allowed with Restrictions",CD
R2450882,# 308 2088 BETA AVENUE,Burnaby,Brentwood Park,2,2,Apartment,Inside Unit,2020-May-03,"$595,000","$599,000","$599,000",807,10,"$2,281.37",Freehold Strata,$237.22,"Pets Allowed with Restrictions, Rentals Allowed",CD
R2446581,# 407 1945 WOODWAY PLACE,Burnaby,Brentwood Park,2,1,Apartment,Inside Unit,2020-Apr-08,"$460,000","$469,900","$469,900",988,39,"$2,069.73",Freehold Strata,$414.44,"Pets Allowed with Restrictions, Rentals Allowed",STRATA
R2450549,# 601 2041 BELLWOOD AVENUE,Burnaby,Brentwood Park,2,1,Apartment,Inside Unit,2020-Apr-19,"$440,000","$449,500","$449,500",858,37,"$1,948.96",Freehold Strata,$366.97,"Pets Allowed with Restrictions, Rentals Allowed with Restrictions",RM4
R2440857,# 1202 2232 DOUGLAS ROAD,Burnaby,Brentwood Park,1,1,Apartment,Upper Unit,2020-Mar-09,"$570,000","$548,888","$548,888",621,8,"$2,176.54",Freehold Strata,$194.61,"Pets Allowed with Restrictions, Rentals Allowed",CD
R2447775,# 2101 2133 DOUGLAS ROAD,Burnaby,Brentwood Park,1,1,Apartment,Upper Unit,2020-May-08,"$530,000","$549,900","$549,900",737,9,"$2,375.71",Freehold Strata,$239.15,"Pets Allowed, Rentals Allowed",RM5
R2441301,# 114 4728 BRENTWOOD DRIVE,Burnaby,Brentwood Park,1,1,Apartment,1 Storey,2020-Mar-06,"$508,000","$508,000","$508,000",709,11,"$2,348",Freehold Strata,$229.73,"Pets Allowed with Restrictions, Rentals Allowed with Restrictions",CD
R2466349,# 317 4728 BRENTWOOD DRIVE,Burnaby,Brentwood Park,1,1,Apartment,Upper Unit,2020-Jun-19,"$495,000","$499,900","$499,900",680,12,"$2,147.12",Freehold Strata,$215.37,"Pets Allowed with Restrictions, Rentals Allowed with Restrictions",CD
R2433003,# 120 4788 BRENTWOOD DRIVE,Burnaby,Brentwood Park,1,1,Apartment,Inside Unit,2020-Feb-17,"$498,000","$498,000","$498,000",644,12,"$2,258.23",Freehold Strata,$215.37,"Pets Allowed with Restrictions, Rentals Allowed with Restrictions",CD
R2439357,# 210 4788 BRENTWOOD DRIVE,Burnaby,Brentwood Park,1,1,Apartment,1 Storey,2020-Feb-28,"$500,000","$508,000","$508,000",706,12,"$2,245.71",Freehold Strata,$236.91,"Pets Allowed with Restrictions, Rentals Allowed",APT
R2428240,# 1501 4888 BRENTWOOD DRIVE,Burnaby,Brentwood Park,1,1,Apartment,Inside Unit,2020-Jan-18,"$539,000","$549,000","$549,000",747,12,"$2,248",Freehold Strata,$253.39,"Pets Allowed with Restrictions, Rentals Allowed",CD
R2446450,# 407 4868 BRENTWOOD DRIVE,Burnaby,Brentwood Park,1,1,Apartment,Upper Unit,2020-Mar-21,"$496,000","$498,800","$498,800",697,12,"$2,162.86",Freehold Strata,$236,"Pets Allowed, Rentals Allowed",CD
R2439506,# 318 1955 WOODWAY PLACE,Burnaby,Brentwood Park,2,1,Apartment,Upper Unit,2020-Mar-02,"$450,000","$429,900","$429,900",944,42,"$2,033.12",Freehold Strata,$325.69,"Pets Not Allowed, Rentals Allowed",CD
R2460356,# 416 1955 WOODWAY PLACE,Burnaby,Brentwood Park,2,1,Apartment,"Corner Unit, Upper Unit",2020-Jun-08,"$416,000","$428,000","$428,000",828,41,"$1,966.09",Freehold Strata,$283.72,"Pets Not Allowed, Rentals Allowed",CD
R2447266,# 1505 2060 BELLWOOD AVENUE,Burnaby,Brentwood Park,2,1,Apartment,"Corner Unit, End Unit",2020-Mar-30,"$528,000","$559,900","$559,900","1,089",38,"$2,235.09",Freehold Strata,$282.87,"Pets Not Allowed, Rentals Allowed with Restrictions, Smoking Restrictions",CD
R2461899,# 301 2060 BELLWOOD AVENUE,Burnaby,Brentwood Park,2,1,Apartment,1 Storey,2020-Jun-07,"$468,000","$475,000","$475,000","1,011",38,"$1,899.84",Freehold Strata,$265.40,"Pets Not Allowed, Rentals Allowed with Restrictions, Smoking Restrictions",CD
R2435420,# 305 2020 BELLWOOD AVENUE,Burnaby,Brentwood Park,1,1,Apartment,Upper Unit,2020-Feb-19,"$469,000","$459,000","$459,000","1,049",45,"$2,004.95",Freehold Strata,$303.03,"Pets Allowed with Restrictions, Rentals Allowed with Restrictions",CD
R2418107,# 306 2060 BELLWOOD AVENUE,Burnaby,Brentwood Park,2,1,Apartment,Corner Unit,2019-Nov-30,"$485,000","$498,000","$498,000",969,38,"$2,101.56",Freehold Strata,$323.86,"Pets Allowed with Restrictions, Rentals Allowed with Restrictions",CD
R2452319,# 901 2060 BELLWOOD AVENUE,Burnaby,Brentwood Park,2,1,Apartment,"Inside Unit, Upper Unit",2020-May-11,"$490,000","$526,000","$526,000","1,020",38,"$2,067.47",Freehold Strata,$265.40,"Pets Not Allowed, Rentals Allowed with Restrictions",CD
R2443887,# 1203 2020 BELLWOOD AVENUE,Burnaby,Brentwood Park,2,1,Apartment,Inside Unit,2020-Mar-16,"$490,000","$499,000","$499,000","1,082",45,"$1,959.51",Freehold Strata,$273.91,"Pets Not Allowed, Rentals Allowed with Restrictions",CD
R2426993,# 1602 2060 BELLWOOD AVENUE,Burnaby,Brentwood Park,2,1,Apartment,Upper Unit,2020-Jan-18,"$501,000","$499,000","$499,000","1,263",38,"$2,172.58",Freehold Strata,$282.87,"Pets Not Allowed, Rentals Allowed with Restrictions, Other",CDRM5
R2442694,5626 BROADWAY,Burnaby,Parkcrest,2,1,Townhouse,,2020-Mar-12,"$366,000","$360,000","$360,000",953,50,"$1,827.36",Freehold Strata,$207.37,"Pets Allowed with Restrictions, Rentals Allowed with Restrictions",RM1
R2462649,# 404 5460 BROADWAY,Burnaby,Parkcrest,1,1,Apartment,Upper Unit,2020-Jun-11,"$570,000","$573,800","$573,800",648,2,"$2,317.44",Freehold Strata,$260.97,"Pets Allowed with Restrictions, Rentals Allowed",CDRM3S
R2458352,# 219 5460 BROADWAY,Burnaby,Parkcrest,1,1,Apartment,Inside Unit,2020-May-31,"$537,000","$549,000","$549,000",640,2,"$1,748.85",Freehold Strata,$260,No Restrictions,CD/RM3
R2441518,# 307 1802 DUTHIE AVENUE,Burnaby,Montecito,1,1,Apartment,End Unit,2020-Mar-09,"$351,000","$359,900","$359,900",721,27,"$1,668.20",Freehold Strata,$304.43,"Age Restrictions, Rentals Not Allowed, 55+",CD
R2425615,1934 GOLETA DRIVE,Burnaby,Montecito,3,2,Townhouse,,2020-Jan-12,"$573,000","$594,900","$594,900","1,248",47,"$2,420.26",Freehold Strata,$378.10,"Pets Allowed with Restrictions, Rentals Allowed with Restrictions",CD
R2435701,# 302 1750 AUGUSTA AVENUE,Burnaby,Simon Fraser Univer.,1,1,Apartment,"Corner Unit, Penthouse",2020-Feb-27,"$442,000","$468,000","$468,000",745,35,"$1,870.82",Freehold Strata,$284.33,"Pets Allowed with Restrictions, Rentals Allowed",CD
R2402833,# 6 7305 MONTECITO DRIVE,Burnaby,Montecito,3,3,Townhouse,,2020-Feb-22,"$585,000","$599,999","$599,999","1,405",48,"$2,294.19",Freehold Strata,$377,"Pets Allowed with Restrictions, Rentals Allowed with Restrictions",CD
R2429044,# 3 7331 MONTECITO DRIVE,Burnaby,Montecito,2,2,Townhouse,,2020-Jan-20,"$489,000","$499,900","$499,900","1,240",51,"$2,095.88",Freehold Strata,$377,"Pets Allowed with Restrictions, Rentals Allowed with Restrictions",CD
R2358196,# 1006 7321 HALIFAX STREET,Burnaby,Simon Fraser Univer.,2,2,Apartment,Upper Unit,2020-Jan-07,"$493,000","$529,000","$558,000",935,33,"$1,775.31",Freehold Strata,$272.18,"Pets Not Allowed, Rentals Allowed with Restrictions",CD
R2447885,# 1505 7321 HALIFAX STREET,Burnaby,Simon Fraser Univer.,2,2,Apartment,Corner Unit,2020-May-31,"$490,000","$549,000","$549,000",976,33,"$2,334.53",Freehold Strata,$285.11,"Pets Not Allowed, Rentals Allowed with Restrictions",CD
R2456364,# 1003 6088 WILLINGDON AVENUE,Burnaby,Metrotown,1,1,Apartment,1 Storey,2020-Jun-17,"$474,000","$490,000","$490,000",769,21,,Freehold Strata,$248.95,"Pets Allowed with Restrictions, Rentals Allowed with Restrictions",CD
R2425470,# 217 3770 MANOR STREET,Burnaby,Central BN,1,1,Apartment,"Inside Unit, Upper Unit",2019-Dec-30,"$399,000","$399,900","$399,900",690,29,"$1,962.62",Freehold Strata,$256.63,"Pets Allowed with Restrictions, Rentals Allowed with Restrictions",CD
R2456802,# 102 3888 NORFOLK STREET,Burnaby,Central BN,1,1,Townhouse,,2020-May-20,"$445,000","$449,000","$449,000",635,8,"$1,369.62",Freehold Strata,$162.16,"Pets Allowed, Rentals Allowed",RM3
R2433073,# 104 3883 LAUREL STREET,Burnaby,Burnaby Hospital,1,1,Apartment,"1 Storey, Inside Unit",2020-Feb-28,"$290,000","$324,999","$324,999",707,37,"$1,451.54",Freehold Strata,$219.87,"Pets Allowed with Restrictions, Rentals Not Allowed",STRATA
R2418331,# 205 3970 LINWOOD STREET,Burnaby,Burnaby Hospital,2,1,Apartment,Other,2020-Jan-10,"$480,000","$529,000","$559,000",945,31,"$2,205.08",Freehold Strata,$343.55,"Pets Allowed, Rentals Not Allowed",CD
R2448144,# 408 3183 ESMOND AVENUE,Burnaby,Central BN,2,2,Apartment,Upper Unit,2020-Jun-09,"$535,000","$558,000","$558,000",953,25,"$2,281.31",Freehold Strata,$456.10,"Pets Allowed with Restrictions, Rentals Allowed",CD
R2417618,# 106 3738 NORFOLK STREET,Burnaby,Central BN,1,1,Apartment,Corner Unit,2020-Jan-03,"$395,000","$419,000","$419,000",780,27,"$2,002.88",Freehold Strata,$335.53,"Pets Allowed with Restrictions, Rentals Allowed with Restrictions",CD
R2441291,# 104 3733 NORFOLK STREET,Burnaby,Central BN,1,1,Apartment,"End Unit, Ground Level Unit",2020-Mar-07,"$399,800","$399,800","$399,800",686,26,"$1,875.04",Freehold Strata,$302.97,"Pets Allowed with Restrictions, Rentals Allowed",CD
R2441899,4274 GARDEN GROVE DRIVE,Burnaby,Greentree Village,2,2,Townhouse,,2020-Mar-11,"$571,000","$535,000","$535,000",938,45,"$2,228.88",Freehold Strata,$320.63,"Pets Allowed with Restrictions, Rentals Allowed with Restrictions",RM
R2439137,4368 GARDEN GROVE DRIVE,Burnaby,Greentree Village,2,1,Townhouse,,2020-Apr-27,"$490,000","$499,900","$509,999",911,43,"$2,212.97",Freehold Strata,$327.75,"Pets Allowed with Restrictions, Rentals Allowed with Restrictions",CD
R2426375,# 408 6820 RUMBLE STREET,Burnaby,South Slope,1,1,Apartment,"1 Storey, Upper Unit",2020-Jan-13,"$422,000","$439,900","$439,900",730,28,"$1,814",Freehold Strata,$308.85,"Pets Allowed with Restrictions, Rentals Allowed with Restrictions",CD
R2418430,# 102 6939 GILLEY AVENUE,Burnaby,Highgate,2,2,Apartment,Ground Level Unit,2020-Jan-10,"$482,000","$489,000","$489,000",887,30,"$1,415.15",Freehold Strata,$375.39,"Pets Allowed with Restrictions, Rentals Not Allowed",CD
R2442775,# 222 6105 KINGSWAY,Burnaby,Highgate,2,1,Apartment,"1 Storey, Corner Unit",2020-Apr-05,"$460,000","$499,900","$499,900",902,36,"$1,898.93",Freehold Strata,$285.33,"Pets Allowed with Restrictions, Rentals Allowed with Restrictions",RM3
R2446770,# 120 6105 KINGSWAY,Burnaby,Highgate,2,1,Apartment,Ground Level Unit,2020-Mar-31,"$355,000","$369,000","$369,000",857,36,"$1,902.61",Freehold Strata,$239.74,"Pets Allowed with Restrictions, Rentals Allowed with Restrictions",RM3
R2430542,# 305 6105 KINGSWAY,Burnaby,Highgate,2,1,Apartment,1 Storey,2020-Feb-03,"$394,500","$399,000","$399,000",905,36,$239.74,Freehold Strata,$290.52,"Pets Allowed with Restrictions, Rentals Allowed with Restrictions",RM3
R2438097,# 201 6105 KINGSWAY,Burnaby,Highgate,2,1,Apartment,"3 Storey, Inside Unit",2020-Mar-16,"$398,000","$418,000","$418,000",887,36,"$1,868.80",Freehold Strata,$279.12,"Pets Allowed with Restrictions, Rentals Allowed with Restrictions",RM3
R2425341,# PH21 6283 KINGSWAY,Burnaby,Highgate,2,2,Apartment,"Penthouse, Upper Unit",2020-Jan-13,"$572,900","$579,000","$579,000",743,2,"$2,371.01",Freehold Strata,$278.98,"Pets Allowed with Restrictions, Rentals Allowed",STRATA
R2447133,# PH27 6283 KINGSWAY,Burnaby,Highgate,1,1,Apartment,"1 Storey, Corner Unit",2020-Jun-12,"$460,000","$489,000","$518,000",618,2,"$2,132.35",Freehold Strata,$319.39,"Pets Allowed with Restrictions, Rentals Allowed",STRATA
R2433241,# 233 6283 KINGSWAY,Burnaby,Highgate,1,1,Apartment,1 Storey,2020-Feb-12,"$460,000","$498,000","$498,000",591,2,"$2,075.53",Freehold Strata,$222.37,"Pets Allowed with Restrictions, Rentals Allowed",MF
R2424302,# PH30 6283 KINGSWAY,Burnaby,Highgate,1,1,Apartment,1 Storey,2020-Feb-08,"$477,500","$519,000","$519,000",591,2,"$2,143.71",Freehold Strata,$222.37,"Pets Allowed with Restrictions, Rentals Allowed",APT
R2443381,# 303 6283 KINGSWAY,Burnaby,Highgate,1,1,Apartment,1 Storey,2020-Mar-18,"$488,000","$508,000","$508,000",598,2,"$2,095",First Nations Lease,$313,"Pets Allowed with Restrictions, Rentals Allowed",MF
R2426437,# 101 6283 KINGSWAY,Burnaby,Highgate,1,1,Apartment,"1 Storey, Ground Level Unit",2020-Jan-22,"$525,000","$525,000","$545,000",720,2,"$2,342.60",Freehold Strata,$266.85,Rentals Allowed with Restrictions,STRATA
R2450649,# 801 6611 SOUTHOAKS CRESCENT,Burnaby,Highgate,1,1,Apartment,"Corner Unit, Upper Unit",2020-Jun-02,"$504,000","$515,000","$515,000",755,20,"$2,170.84",Freehold Strata,$266.16,"Rentals Allowed with Restrictions, Rentals Not Allowed, Smoking Restrictions",CD
R2431343,# 2302 6688 ARCOLA STREET,Burnaby,Highgate,2,2,Apartment,Upper Unit,2020-Feb-03,"$599,000","$599,000","$599,000",744,9,"$1,734.61",Freehold Strata,$231.20,"Pets Allowed with Restrictions, Rentals Allowed with Restrictions",RMS
R2430418,# 105 6930 BALMORAL STREET,Burnaby,Highgate,1,1,Apartment,"Corner Unit, Ground Level Unit",2020-Jan-29,"$467,000","$469,900","$469,900",774,25,"$2,067.52",Freehold Strata,$252.60,"Pets Allowed with Restrictions, Rentals Allowed with Restrictions",RM2
R2444652,7430 HAWTHORNE TERRACE,Burnaby,Highgate,2,2,Townhouse,,2020-Apr-11,"$584,000","$599,000","$622,000",915,21,"$2,477.98",Freehold Strata,$269.02,"Pets Allowed, Rentals Allowed with Restrictions","CD,RM3"
R2436081,# 303 7383 GRIFFITHS DRIVE,Burnaby,Highgate,1,1,Apartment,Upper Unit,2020-Feb-17,"$445,000","$449,900","$449,900",721,20,"$1,937.33",Freehold Strata,$299,"Pets Allowed with Restrictions, Rentals Not Allowed",CD
R2447150,# 205 7383 GRIFFITHS DRIVE,Burnaby,Highgate,1,1,Apartment,"End Unit, Upper Unit",2020-Apr-19,"$425,000","$438,000","$449,000",732,20,"$1,985.62",Freehold Strata,$302,"Pets Allowed with Restrictions, Rentals Allowed with Restrictions",CD
R2451404,# 117 7055 WILMA STREET,Burnaby,Highgate,1,1,Apartment,Ground Level Unit,2020-Apr-23,"$395,000","$399,900","$399,900",745,42,"$1,740.52",Freehold Strata,$331.87,"Pets Allowed with Restrictions, Rentals Allowed with Restrictions",RM3
R2456940,# 410 7151 EDMONDS STREET,Burnaby,Highgate,1,1,Apartment,"Corner Unit, Upper Unit",2020-May-24,"$450,000","$399,000","$399,000",922,43,"$1,692",Freehold Strata,$299.46,"Pets Allowed with Restrictions, Rentals Not Allowed",RM-3
R2455403,# 103 7275 SALISBURY AVENUE,Burnaby,Highgate,2,1,Apartment,Ground Level Unit,2020-May-17,"$437,000","$448,000","$448,000",748,39,"$1,755.51",Freehold Strata,$284.39,"Pets Allowed with Restrictions, Rentals Allowed with Restrictions",CD
R2437120,# 108 7139 18TH AVENUE,Burnaby,Edmonds BE,1,1,Apartment,Corner Unit,2020-Feb-29,"$475,000","$488,800","$488,800",921,26,"$2,116.92",Freehold Strata,$319.31,"Pets Allowed with Restrictions, Rentals Not Allowed",CD
R2420346,# 302 7139 18TH AVENUE,Burnaby,Edmonds BE,1,1,Apartment,"Inside Unit, Upper Unit",2019-Dec-02,"$454,500","$475,000","$475,000",832,26,"$2,031.97",Freehold Strata,$271.80,"Pets Allowed with Restrictions, Rentals Not Allowed",CD
R2400922,# 7 7077 BERESFORD STREET,Burnaby,Highgate,2,2,Townhouse,,2020-Jan-22,"$550,000","$579,000","$618,000",982,25,"$2,247.32",Freehold Strata,$291.54,"Pets Allowed with Restrictions, Rentals Allowed with Restrictions",CD
R2446053,# 303 7077 BERESFORD STREET,Burnaby,Highgate,2,2,Apartment,"Corner Unit, Upper Unit",2020-Mar-21,"$544,800","$548,900","$548,900",907,24,"$2,153.44",Freehold Strata,$269.18,No Restrictions,STRATA
R2445324,# 703 7077 BERESFORD STREET,Burnaby,Highgate,2,2,Apartment,Other,2020-Mar-24,"$548,500","$554,800","$554,800",906,24,"$2,198.90",Freehold Strata,$269.18,"Pets Allowed with Restrictions, Rentals Allowed with Restrictions",RES
R2447099,# 501 7225 ACORN AVENUE,Burnaby,Highgate,2,2,Apartment,"Corner Unit, Upper Unit",2020-Mar-28,"$565,000","$574,800","$574,800",803,11,"$2,328.45",Freehold Strata,$254.14,"Pets Allowed with Restrictions, Rentals Allowed",MULTI
R2397469,# 1007 7225 ACORN AVENUE,Burnaby,Highgate,2,2,Apartment,1 Storey,2020-Jan-09,"$558,000","$575,000","$615,000",772,11,"$1,607.16",Freehold Strata,$239.94,"Pets Allowed, Rentals Allowed",STRATA
R2437956,# 305 7225 ACORN AVENUE,Burnaby,Highgate,2,2,Apartment,Corner Unit,2020-Feb-26,"$560,000","$568,000","$568,000",797,11,"$2,302.85",Freehold Strata,$254.15,Pets Allowed with Restrictions,CD
R2437506,# 502 7171 BERESFORD STREET,Burnaby,Highgate,2,2,Apartment,1 Storey,2020-Mar-04,"$491,800","$510,000","$510,000",916,44,"$1,953.95",Freehold Strata,$357.69,"Pets Allowed with Restrictions, Rentals Allowed",STRATA
R2429094,# 201 7171 BERESFORD STREET,Burnaby,Highgate,2,2,Apartment,Corner Unit,2020-Jan-20,"$456,000","$399,900","$399,900",883,44,"$1,854.51",Freehold Strata,$356.44,Rentals Allowed,CDRM5
R2441871,# 604 7171 BERESFORD STREET,Burnaby,Highgate,2,2,Apartment,"Corner Unit, Upper Unit",2020-Mar-06,"$490,000","$518,000","$518,000",898,44,"$1,931.23",Freehold Strata,$357.69,"Pets Allowed with Restrictions, Rentals Allowed",MF
R2435313,# 20 7503 18TH STREET,Burnaby,Edmonds BE,2,2,Apartment,"Corner Unit, Ground Level Unit",2020-Feb-18,"$561,000","$548,888","$548,888",890,15,"$2,374.79",Freehold Strata,$187.52,"Pets Allowed with Restrictions, Rentals Allowed",CD
R2433185,# 324 7058 14TH AVENUE,Burnaby,Edmonds BE,1,1,Apartment,Upper Unit,2020-Feb-07,"$475,000","$475,000","$475,000",628,5,"$2,105.69",Freehold Strata,$205.01,"Pets Allowed with Restrictions, Rentals Allowed with Restrictions",CONDO
R2458397,# 308B 7025 STRIDE AVENUE,Burnaby,Edmonds BE,2,2,Apartment,"Corner Unit, End Unit",2020-Jun-07,"$505,000","$499,900","$499,900",878,28,"$2,095.40",Freehold Strata,$220,"Pets Allowed with Restrictions, Rentals Allowed",STRATA
R2395232,# 22 7128 STRIDE AVENUE,Burnaby,Edmonds BE,2,2,Townhouse,,2020-Apr-21,"$590,000","$598,999","$638,000","1,036",17,"$2,417.23",Freehold Strata,$327.91,"Pets Allowed with Restrictions, Rentals Allowed","CD,RM2"
R2407450,# 222 7133 14TH AVENUE,Burnaby,Edmonds BE,2,2,Apartment,Inside Unit,2020-Jan-06,"$599,900","$599,900","$599,900",809,New,,Freehold Strata,$254.95,"Pets Allowed with Restrictions, Rentals Allowed with Restrictions",RM4
R2429036,# 22 7184 STRIDE AVENUE,Burnaby,Edmonds BE,3,2,Townhouse,,2020-Feb-13,"$596,800","$639,000","$639,000","1,183",28,"$2,608.48",Freehold Strata,$292.15,"Pets Allowed, Rentals Allowed with Restrictions",RES
R2432278,# 17 7184 STRIDE AVENUE,Burnaby,Edmonds BE,2,1,Townhouse,,2020-Feb-11,"$508,000","$510,000","$510,000",900,28,"$2,312.99",Freehold Strata,$234.09,"Pets Allowed with Restrictions, Rentals Allowed with Restrictions",TOWNHO
R2450864,# 415 6735 STATION HILL COURT,Burnaby,South Slope,1,1,Apartment,"Penthouse, Upper Unit",2020-Apr-26,"$398,000","$399,000","$399,000",744,29,"$1,923.06",Freehold Strata,$276.63,"Pets Allowed with Restrictions, Rentals Not Allowed",STRATA
R2447176,# 5 7345 SANDBORNE AVENUE,Burnaby,South Slope,2,3,Townhouse,,2020-Mar-25,"$560,000","$549,000","$549,000","1,229",28,"$2,418.28",Freehold Strata,$369.96,"Pets Allowed, Rentals Allowed with Restrictions",CD
R2445660,# 404 6745 STATION HILL COURT,Burnaby,South Slope,1,1,Apartment,Upper Unit,2020-Jun-20,"$445,000","$449,000","$489,000",707,26,"$1,938.65",Freehold Strata,$207.33,"Pets Allowed with Restrictions, Rentals Not Allowed",CD RM3
R2457751,# 217 6707 SOUTHPOINT DRIVE,Burnaby,South Slope,2,2,Apartment,1 Storey,2020-Jun-09,"$507,500","$538,000","$538,000",982,30,"$2,422.36",Freehold Strata,$392,"Pets Allowed with Restrictions, Rentals Allowed with Restrictions",CD
R2432044,# 403 6833 STATION HILL DRIVE,Burnaby,South Slope,2,2,Apartment,Corner Unit,2020-Feb-13,"$588,000","$608,000","$608,000",855,16,"$2,396.23",Freehold Strata,$342.97,"Pets Allowed with Restrictions, Rentals Allowed with Restrictions",CD
R2419286,# 1506 6837 STATION HILL DRIVE,Burnaby,South Slope,2,2,Apartment,Corner Unit,2020-Feb-20,"$600,000","$628,000","$628,000",820,21,"$2,312.36",Freehold Strata,$360,"Pets Allowed with Restrictions, Rentals Not Allowed",APT
R2427352,# 1101 6837 STATION HILL DRIVE,Burnaby,South Slope,2,2,Apartment,1 Storey,2020-Feb-17,"$588,000","$610,000","$628,000",913,20,"$2,366.36",Freehold Strata,$444,"Pets Allowed with Restrictions, Rentals Not Allowed",STRATA
R2429885,# 403 7465 SANDBORNE AVENUE,Burnaby,South Slope,1,1,Apartment,"Corner Unit, Penthouse",2020-Jan-28,"$500,000","$508,000","$508,000",770,30,"$2,099.53",Freehold Strata,$314.84,"Pets Allowed with Restrictions, Rentals Allowed with Restrictions",CD
R2443093,# 304 7465 SANDBORNE AVENUE,Burnaby,South Slope,1,1,Apartment,1 Storey,2020-Mar-16,"$430,000","$425,000","$425,000",754,30,"$1,972.81",Freehold Strata,$305.84,"Pets Allowed with Restrictions, Rentals Allowed with Restrictions",CD
R2466634,# 110 7418 BYRNEPARK WALK,Burnaby,South Slope,2,2,Apartment,"Corner Unit, Ground Level Unit",2020-Jun-20,"$598,000","$598,000","$598,000",792,9,"$2,418.78",Freehold Strata,$273.76,"Pets Allowed with Restrictions, Rentals Allowed",CD
R2426563,# 508 7478 BYRNEPARK WALK,Burnaby,South Slope,1,1,Apartment,Upper Unit,2020-Feb-02,"$465,000","$475,000","$475,000",616,11,"$2,111.95",Freehold Strata,$210.87,"Pets Allowed with Restrictions, Rentals Allowed with Restrictions, Smoking Restrictions",CD
R2456731,# 417 7478 BYRNEPARK WALK,Burnaby,South Slope,2,2,Apartment,"1 Storey, Penthouse",2020-May-21,"$574,000","$574,800","$574,800",796,11,"$1,726.24",Freehold Strata,$267,"Pets Allowed with Restrictions, Rentals Allowed",CD
R2426034,# 1001 7388 SANDBORNE AVENUE,Burnaby,South Slope,2,2,Apartment,1 Storey,2020-Jan-20,"$598,000","$629,000","$629,000",842,18,"$2,462",Freehold Strata,$337.64,"Pets Allowed with Restrictions, Rentals Allowed with Restrictions",CD
R2423881,# 904 7388 SANDBORNE AVENUE,Burnaby,South Slope,2,2,Apartment,1 Storey,2020-Jan-13,"$515,000","$530,000","$530,000",710,18,"$2,203.51",Freehold Strata,$299,"Pets Allowed with Restrictions, Rentals Allowed with Restrictions",MF
R2396334,# 1104 7368 SANDBORNE AVENUE,Burnaby,South Slope,2,2,Apartment,Upper Unit,2020-Feb-20,"$568,000","$618,888","$618,888",706,18,"$2,030.40",Freehold Strata,$264,"Pets Allowed, Rentals Allowed with Restrictions",APT
R2439068,# 505 7388 SANDBORNE AVENUE,Burnaby,South Slope,2,2,Apartment,Corner Unit,2020-Mar-05,"$585,000","$599,000","$599,000",842,18,"$2,388.17",Freehold Strata,$369.90,"Pets Allowed with Restrictions, Rentals Allowed with Restrictions",CD
R2433825,# 707 7368 SANDBORNE AVENUE,Burnaby,South Slope,2,2,Apartment,Corner Unit,2020-Feb-21,"$588,500","$598,000","$598,000",812,18,"$2,371",Freehold Strata,$355.67,"Pets Allowed, Rentals Allowed with Restrictions",APT
R2444867,# 907 7368 SANDBORNE AVENUE,Burnaby,South Slope,2,2,Apartment,"Corner Unit, Upper Unit",2020-Mar-22,"$592,000","$599,000","$599,000",841,Old,"$2,396.70",Freehold Strata,$355.67,"Pets Allowed with Restrictions, Rentals Allowed with Restrictions, Smoking Restrictions",CD
R2449182,# 113 9584 MANCHESTER DRIVE,Burnaby,Cariboo,2,1,Apartment,Ground Level Unit,2020-May-26,"$404,000","$419,000","$419,000",889,39,"$1,936.60",Freehold Strata,$435.73,"Pets Allowed with Restrictions, Rentals Allowed",CD
R2424256,# 1203 3771 BARTLETT COURT,Burnaby,Sullivan Heights,1,1,Apartment,Corner Unit,2020-Jan-20,"$340,000","$360,000","$360,000",673,43,"$1,759.01",Freehold Strata,$351.14,"Pets Allowed with Restrictions, Rentals Not Allowed",RM5
R2437245,8867 HORNE STREET,Burnaby,Government Road,3,3,Townhouse,,2020-Mar-14,"$560,000","$570,000","$570,000","1,422",45,"$2,318.61",Freehold Strata,$498.87,"Pets Allowed with Restrictions, Rentals Not Allowed",RM1
R2428796,# 227 9061 HORNE STREET,Burnaby,Government Road,2,2,Townhouse,,2020-Jan-21,"$595,000","$574,999","$574,999","1,335",45,"$2,426.46",Freehold Strata,$290.53,"Pets Allowed with Restrictions, Rentals Allowed with Restrictions",CD
R2465888,# 211 3399 NOEL DRIVE,Burnaby,Sullivan Heights,1,1,Apartment,Inside Unit,2020-Jun-18,"$511,000","$528,000","$528,000",685,3,"$2,167.92",Freehold Strata,$244.41,"Pets Allowed with Restrictions, Rentals Allowed with Restrictions",RM2
R2445097,# 214 3420 BELL AVENUE,Burnaby,Sullivan Heights,1,1,Apartment,1 Storey,2020-May-12,"$395,000","$408,000","$408,000",678,38,"$1,757.95",Freehold Strata,$273.62,"Pets Allowed with Restrictions, Rentals Allowed",RM3
R2437759,# 204 9880 MANCHESTER DRIVE,Burnaby,Cariboo,2,1,Apartment,Other,2020-Feb-23,"$427,000","$428,000","$428,000",896,39,"$1,171",Freehold Strata,$312.10,"Pets Allowed with Restrictions, Rentals Allowed with Restrictions",CD RM3
R2449731,# 508 9890 MANCHESTER DRIVE,Burnaby,Cariboo,2,1,Apartment,End Unit,2020-Jun-09,"$415,000","$415,000","$415,000",886,40,"$1,788.82",Freehold Strata,$310.21,"Pets Allowed with Restrictions, Rentals Allowed with Restrictions",CD
R2438482,# 212 9880 MANCHESTER DRIVE,Burnaby,Cariboo,2,1,Apartment,Ground Level Unit,2020-Mar-07,"$373,000","$399,000","$399,000",876,38,"$1,721.77",Freehold Strata,$306,"Pets Allowed with Restrictions, Rentals Allowed with Restrictions",CD
R2441244,# 1401 9603 MANCHESTER DRIVE,Burnaby,Cariboo,2,2,Apartment,5 Plus Level,2020-Jun-08,"$470,000","$529,000","$529,000",857,25,"$1,504.60",Freehold NonStrata,$259.09,"Pets Allowed with Restrictions, Rentals Allowed",STRATA
R2436408,# 1208 9633 MANCHESTER DRIVE,Burnaby,Cariboo,2,2,Apartment,Upper Unit,2020-Feb-17,"$525,000","$519,000","$519,000",938,26,"$1,628.93",Freehold Strata,$283.51,"Pets Allowed with Restrictions, Rentals Allowed",STRATA
R2448723,# 1307 9623 MANCHESTER DRIVE,Burnaby,Cariboo,2,2,Apartment,1 Storey,2020-Jun-09,"$488,000","$499,000","$499,000",800,25,"$2,077.79",Freehold Strata,$241.84,"Pets Allowed with Restrictions, Rentals Allowed",CD
R2451268,# 422 9847 MANCHESTER DRIVE,Burnaby,Cariboo,2,1,Apartment,Penthouse,2020-May-27,"$410,000","$419,000","$439,000",864,40,"$1,861.80",Freehold Strata,$385,"Pets Allowed with Restrictions, Rentals Allowed",RM3
R2449324,# 202 9867 MANCHESTER DRIVE,Burnaby,Cariboo,1,1,Apartment,"Ground Level Unit, Inside Unit",2020-Apr-29,"$340,000","$350,000","$359,800",662,40,"$1,599.69",Freehold Strata,$294.13,"Pets Allowed with Restrictions, Rentals Allowed",CD
R2419502,# 308 9867 MANCHESTER DRIVE,Burnaby,Cariboo,1,1,Apartment,Inside Unit,2020-Jan-27,"$360,000","$368,000","$368,000",660,40,"$1,616.47",Freehold Strata,$293.18,"Pets Allowed with Restrictions, Rentals Allowed",CD-APT
R2445859,# 316 9857 MANCHESTER DRIVE,Burnaby,Cariboo,2,1,Apartment,Corner Unit,2020-Mar-19,"$365,000","$368,000","$368,000",733,39,"$1,686.23",Freehold Strata,$325.70,"Pets Allowed with Restrictions, Rentals Allowed",CD
R2427186,# 225 9847 MANCHESTER DRIVE,Burnaby,Cariboo,2,1,Apartment,"End Unit, Ground Level Unit",2020-Jan-19,"$400,000","$429,000","$429,000",767,40,"$1,139.72",Freehold Strata,$341,"Pets Allowed with Restrictions, Rentals Allowed",CD RM3
R2456019,# 227 9847 MANCHESTER DRIVE,Burnaby,Cariboo,2,1,Apartment,1 Storey,2020-May-18,"$400,500","$373,000","$373,000",878,40,"$1,905.84",Freehold Strata,$382.61,"Pets Allowed with Restrictions, Rentals Allowed",CD
R2431318,# 107 9233 GOVERNMENT STREET,Burnaby,Government Road,2,2,Apartment,1 Storey,2020-Feb-03,"$530,000","$498,000","$498,000",868,13,"$2,279.24",Freehold Strata,$360.43,"Pets Allowed with Restrictions, Rentals Allowed",CD
R2465545,# 216 9283 GOVERNMENT STREET,Burnaby,Government Road,1,1,Apartment,"1 Storey, Inside Unit",2020-Jun-20,"$465,000","$468,000","$468,000",783,13,"$2,120.14",Freehold Strata,$348.86,"Pets Allowed with Restrictions, Rentals Allowed",CD1
R2465545,# 216 9283 GOVERNMENT STREET,Burnaby,Government Road,1,1,Apartment,"1 Storey, Inside Unit",2020-Jun-20,"$465,000","$468,000","$468,000",783,13,"$2,120.14",Freehold Strata,$348.86,"Pets Allowed with Restrictions, Rentals Allowed",CD1
R2430139,# 218 9098 HALSTON COURT,Burnaby,Government Road,2,2,Apartment,1 Storey,2020-Feb-04,"$525,000","$524,900","$524,900",866,13,"$2,313.35",Freehold Strata,$360.43,"Pets Allowed with Restrictions, Rentals Allowed",CD
R2419111,# 1 9521 CARDSTON COURT,Burnaby,Government Road,3,2,Townhouse,,2019-Dec-15,"$515,000","$539,900","$539,900","1,192",37,"$2,323.11",Freehold Strata,$452.24,"Pets Not Allowed, Rentals Allowed",RM5
R2428843,# 1105 9521 CARDSTON COURT,Burnaby,Government Road,1,1,Apartment,"1 Storey, Upper Unit",2020-Jan-19,"$395,000","$409,000","$409,000",776,37,"$1,874.21",Freehold Strata,$299.77,"Pets Not Allowed, Rentals Allowed",M/F
R2436365,# 303 9521 CARDSTON COURT,Burnaby,Government Road,2,2,Apartment,Corner Unit,2020-Feb-29,"$430,000","$438,888","$438,888",880,37,"$1,814.55",Freehold Strata,$396.83,"Pets Not Allowed, Rentals Allowed",CD
R2427851,# 403 9521 CARDSTON COURT,Burnaby,Government Road,2,2,Apartment,"1 Storey, Inside Unit",2020-Feb-19,"$436,000","$439,900","$459,900",878,36,"$1,211.80",Freehold Strata,$396.83,Rentals Allowed,RES
R2426809,# 308 9521 CARDSTON COURT,Burnaby,Government Road,2,2,Apartment,Inside Unit,2020-Jan-22,"$447,500","$449,900","$469,900",855,36,"$1,902.64",Freehold Strata,$416.74,"Pets Not Allowed, Rentals Allowed",CD
R2445961,# 807 9521 CARDSTON COURT,Burnaby,Government Road,2,2,Apartment,Upper Unit,2020-Jun-04,"$450,000","$475,800","$488,000",874,37,"$1,859.99",Freehold Strata,$396.82,"Pets Not Allowed, Rentals Allowed",CD
R2447098,# T6901 3980 CARRIGAN COURT,Burnaby,Government Road,3,2,Townhouse,,2020-Jun-10,"$585,000","$599,800","$649,800","1,443",35,"$2,879.64",Freehold Strata,$681.95,"Pets Allowed with Restrictions, Rentals Allowed",CD
R2464555,# 1504 3980 CARRIGAN COURT,Burnaby,Government Road,1,1,Apartment,Inside Unit,2020-Jun-13,"$413,000","$420,000","$420,000",821,35,"$1,905.17",Freehold Strata,$368.18,"Pets Not Allowed, Rentals Allowed",CD
R2465942,# 1804 3980 CARRIGAN COURT,Burnaby,Government Road,1,1,Apartment,Inside Unit,2020-Jun-22,"$460,000","$483,900","$483,900",779,35,"$1,930.73",Freehold Strata,$368.18,"Pets Not Allowed, Rentals Allowed, Smoking Restrictions",CD
R2434398,# 607 3980 CARRIGAN COURT,Burnaby,Government Road,2,2,Apartment,Upper Unit,2020-Feb-23,"$460,000","$459,000","$459,000",920,35,"$1,976.18",Freehold Strata,$291.20,"Pets Not Allowed, Rentals Allowed",RM
R2428569,# 1702 3980 CARRIGAN COURT,Burnaby,Government Road,2,2,Apartment,"1 Storey, Upper Unit",2020-Jan-22,"$495,000","$499,900","$499,900",910,35,"$2,169.37",Freehold Strata,$287.81,"Pets Not Allowed, Rentals Allowed",APT
R2440583,# 301 3911 CARRIGAN COURT,Burnaby,Government Road,2,2,Apartment,Upper Unit,2020-Mar-10,"$480,500","$485,000","$485,000","1,224",48,"$1,448.84",Freehold Strata,$605.95,"Pets Allowed with Restrictions, Rentals Not Allowed",MULTI
R2442809,# 207 3911 CARRIGAN COURT,Burnaby,Government Road,1,1,Apartment,Inside Unit,2020-Mar-12,"$305,000","$309,000","$309,000",682,48,"$1,592.18",Freehold Strata,$314.90,"Pets Allowed with Restrictions, Rentals Not Allowed","CD,RM3"
R2441002,# 214 3911 CARRIGAN COURT,Burnaby,Government Road,2,1,Apartment,1 Storey,2020-May-29,"$410,000","$419,900","$419,900",929,48,"$1,248",Freehold Strata,$438.96,"Pets Allowed with Restrictions, Rentals Not Allowed",CD
R2436091,# 218 3911 CARRIGAN COURT,Burnaby,Government Road,2,1,Apartment,Upper Unit,2020-Feb-17,"$413,500","$420,000","$420,000",914,48,"$1,840.49",Freehold Strata,$357.91,"Pets Allowed with Restrictions, Rentals Allowed with Restrictions",CD
R2430640,# 314 3911 CARRIGAN COURT,Burnaby,Government Road,2,1,Apartment,"Penthouse, Upper Unit",2020-Jan-25,"$435,000","$429,900","$429,900",929,48,"$1,890.23",Freehold Strata,$368,"Pets Allowed with Restrictions, Rentals Not Allowed",CD
R2459439,# 1003 3970 CARRIGAN COURT,Burnaby,Government Road,2,2,Apartment,"1 Storey, Inside Unit",2020-May-29,"$515,000","$499,999","$499,999",954,33,"$2,095.72",Freehold Strata,$318.79,"Pets Allowed with Restrictions, Rentals Allowed",CD
R2439412,# 605 3970 CARRIGAN COURT,Burnaby,Government Road,1,1,Apartment,Other,2020-Mar-22,"$410,000","$420,000","$449,000",799,34,"$1,868.42",Freehold Strata,$282.13,"Pets Not Allowed, Rentals Allowed",MFD
R2432080,# 702 3970 CARRIGAN COURT,Burnaby,Government Road,2,2,Apartment,Corner Unit,2020-Jan-31,"$461,000","$469,900","$469,900",863,33,"$1,943",Freehold Strata,$306.82,"Pets Allowed with Restrictions, Rentals Allowed, Smoking Restrictions",CD
R2437358,# 806 3970 CARRIGAN COURT,Burnaby,Government Road,2,2,Apartment,Corner Unit,2020-Feb-23,"$480,000","$479,900","$479,900",889,35,"$1,976.39",Freehold Strata,$314.46,"Pets Allowed with Restrictions, Rentals Allowed",STRATA
R2433118,# 1007 3970 CARRIGAN COURT,Burnaby,Government Road,2,2,Apartment,Upper Unit,2020-Feb-17,"$489,000","$499,000","$499,000",911,33,"$2,004.81",Freehold Strata,$323,"Pets Not Allowed, Rentals Allowed with Restrictions",APT
R2419217,# 305 3901 CARRIGAN COURT,Burnaby,Government Road,3,2,Apartment,"Corner Unit, Upper Unit",2020-Jan-11,"$560,000","$575,000","$575,000","1,240",46,"$2,180.83",Freehold Strata,$468.30,"Pets Allowed with Restrictions, Rentals Allowed with Restrictions",CD
R2445357,# 109 3901 CARRIGAN COURT,Burnaby,Government Road,2,1,Apartment,Ground Level Unit,2020-Jun-01,"$380,000","$385,000","$419,900",898,46,"$1,879.39",Freehold Strata,$379.11,"Pets Allowed with Restrictions, Rentals Allowed with Restrictions",STRATA
R2449893,# 204 3901 CARRIGAN COURT,Burnaby,Government Road,2,1,Apartment,3 Storey,2020-Jun-03,"$395,000","$399,000","$429,000",936,46,"$1,966.60",Freehold Strata,$379.11,"Pets Allowed with Restrictions, Rentals Allowed with Restrictions",MF
R2457255,# 117 3901 CARRIGAN COURT,Burnaby,Government Road,3,2,Apartment,"Corner Unit, Ground Level Unit",2020-Jun-10,"$525,000","$532,000","$532,000","1,167",46,"$1,544.63",Freehold Strata,$470.77,"Pets Allowed with Restrictions, Rentals Allowed with Restrictions",CD
R2430937,# 1704 3755 BARTLETT COURT,Burnaby,Sullivan Heights,2,2,Apartment,Inside Unit,2020-Jan-26,"$430,000","$435,000","$435,000",949,42,"$2,034.59",Freehold Strata,$475.31,"Pets Allowed with Restrictions, Rentals Not Allowed",CD
R2420868,# 805 3755 BARTLETT COURT,Burnaby,Sullivan Heights,1,1,Apartment,Upper Unit,2020-Jan-20,"$359,000","$359,900","$399,900",673,44,"$1,699.02",Freehold Strata,$344.70,"Pets Allowed with Restrictions, Rentals Not Allowed",CD
R2427843,# 703 3737 BARTLETT COURT,Burnaby,Sullivan Heights,2,2,Apartment,Corner Unit,2020-Apr-24,"$465,000","$499,000","$520,000","1,198",45,"$2,282.62",Freehold Strata,$568.45,Rentals Not Allowed,CD
R2452848,# 302 3737 BARTLETT COURT,Burnaby,Sullivan Heights,1,1,Apartment,"Corner Unit, Upper Unit",2020-May-11,"$340,000","$354,900","$354,900",622,45,"$1,776.35",Freehold Strata,$367.61,No Restrictions,CD
R2453659,# 2305 3737 BARTLETT COURT,Burnaby,Sullivan Heights,1,1,Apartment,"Corner Unit, Upper Unit",2020-Jun-03,"$375,000","$389,000","$389,000",747,45,"$1,961.02",Freehold Strata,$400.93,"Pets Allowed with Restrictions, Rentals Not Allowed",CD
R2464486,# 217 9101 HORNE,Burnaby,Government Road,3,3,Apartment,1 Storey,2020-Jun-14,"$581,000","$578,000","$578,000","1,130",45,"$2,149.82",Freehold Strata,$479.89,"Pets Allowed, Rentals Allowed",STRATA
R2432571,# 116 9101 HORNE STREET,Burnaby,Government Road,3,2,Apartment,"Corner Unit, Ground Level Unit",2020-Feb-10,"$473,500","$480,000","$480,000","1,110",45,"$1,426",Freehold Strata,$475.59,Pets Allowed with Restrictions,CD
R2428264,# 417 9101 HORNE STREET,Burnaby,Government Road,3,2,Apartment,"Penthouse, Upper Unit",2020-Jan-19,"$545,000","$559,900","$559,900","1,120",43,"$2,391.33",Freehold Strata,$479.89,"Pets Allowed with Restrictions, Rentals Allowed with Restrictions",CD
R2408270,# 1506 9280 SALISH COURT,Burnaby,Sullivan Heights,2,2,Apartment,Corner Unit,2019-Dec-15,"$470,000","$479,000","$499,000",995,43,"$1,980.77",Freehold Strata,$392.49,"Pets Not Allowed, Rentals Not Allowed",CD
R2433764,# 1505 9280 SALISH COURT,Burnaby,Sullivan Heights,1,1,Apartment,"Corner Unit, Upper Unit",2020-Feb-12,"$405,000","$388,000","$388,000",741,43,"$1,801.79",Freehold Strata,$301.10,"Pets Not Allowed, Rentals Not Allowed",CD
R2413648,# 1901 9595 ERICKSON DRIVE,Burnaby,Sullivan Heights,2,1,Apartment,"Corner Unit, Upper Unit",2019-Dec-20,"$415,000","$428,000","$428,000",874,39,"$2,021.40",Freehold Strata,$323.03,"Pets Not Allowed, Rentals Allowed",RES
R2464006,9118 CENTAURUS CIRCLE,Burnaby,Simon Fraser Hills,3,2,Townhouse,,2020-Jun-17,"$480,000","$499,000","$499,000","1,135",38,"$1,373.30",Freehold Strata,$484.12,"Pets Allowed with Restrictions, Rentals Allowed with Restrictions","CD,RM2"
R2429693,2965 ARGO PLACE,Burnaby,Simon Fraser Hills,3,2,Townhouse,,2020-Jan-22,"$579,500","$599,000","$599,000","1,457",45,"$2,136.97",Freehold Strata,$361.61,"Pets Allowed, Rentals Allowed",CD
R2427029,2961 ARGO PLACE,Burnaby,Simon Fraser Hills,1,1,Townhouse,,2020-Jan-13,"$410,000","$418,000","$418,000",724,44,"$1,603.12",Freehold Strata,$295.86,"Pets Allowed, Rentals Allowed",STRATA
R2433794,# 104 9145 SATURNA DRIVE,Burnaby,Simon Fraser Hills,3,3,Townhouse,,2020-Feb-08,"$432,500","$435,000","$435,000","1,061",44,"$2,028.53",Freehold Strata,$506.46,"Pets Allowed, Rentals Allowed",CD
R2455447,# 103 9138 CAPELLA DRIVE,Burnaby,Simon Fraser Hills,2,1,Townhouse,,2020-May-24,"$350,000","$329,900","$329,900",896,43,"$1,516.35",Freehold Strata,$422.14,"Pets Allowed with Restrictions, Rentals Allowed",CDRM1
R2458893,# 303 9132 CAPELLA DRIVE,Burnaby,Simon Fraser Hills,2,1,Apartment,1 Storey,2020-Jun-02,"$401,000","$389,000","$389,000",830,44,"$1,852.35",Freehold Strata,$402.19,"Pets Allowed with Restrictions, Rentals Allowed",CD
R2449590,# 101 9133 CAPELLA DRIVE,Burnaby,Simon Fraser Hills,3,3,Townhouse,,2020-Apr-27,"$408,000","$349,000","$458,000","1,045",43,"$2,117.49",Freehold Strata,$506.47,"Pets Allowed, Rentals Allowed",CD
R2435901,# 104 9155 SATURNA DRIVE,Burnaby,Simon Fraser Hills,3,3,Apartment,Ground Level Unit,2020-May-13,"$421,000","$439,800","$448,000",987,44,"$2,048.41",Freehold Strata,$478.32,"Pets Allowed with Restrictions, Rentals Allowed",CD
R2453088,# 55 9101 FOREST GROVE DRIVE,Burnaby,Forest Hills BN,3,2,Townhouse,,2020-May-02,"$560,000","$569,900","$569,900","1,293",39,"$2,313.76",Freehold Strata,$398.89,"Pets Allowed with Restrictions, Rentals Allowed",CD
R2426367,# 6 9151 FOREST GROVE DRIVE,Burnaby,Forest Hills BN,3,2,Townhouse,,2020-Jan-07,"$538,000","$555,000","$555,000","1,211",38,"$2,234.56",Freehold Strata,$364,"Pets Allowed, Rentals Allowed",ROWHOU
R2430693,8566 FLOWERING PLACE,Burnaby,Forest Hills BN,2,1,Townhouse,,2020-Feb-05,"$438,000","$469,800","$469,800",958,39,"$2,102.72",Freehold Strata,$217.71,"Pets Allowed with Restrictions, Rentals Allowed with Restrictions",CD
R2452104,8579 WOODRIDGE PLACE,Burnaby,Forest Hills BN,2,1,Townhouse,,2020-May-04,"$490,000","$513,000","$513,000",957,39,"$2,116.92",Freehold Strata,$217.71,"Pets Allowed with Restrictions, Rentals Allowed with Restrictions",MFD
R2452701,8588 WILDERNESS COURT,Burnaby,Forest Hills BN,2,1,Townhouse,,2020-Apr-29,"$489,000","$489,000","$489,000",969,39,"$2,076.01",Freehold Strata,$220,Rentals Allowed with Restrictions,CD
R2437155,8242 ELKWOOD PLACE,Burnaby,Forest Hills BN,3,3,Townhouse,,2020-Feb-24,"$529,000","$524,990","$524,990","1,154",41,"$2,281.10",Freehold Strata,$321.99,"Pets Allowed, Rentals Allowed",CD
R2452282,# 708 9025 HIGHLAND COURT,Burnaby,Simon Fraser Univer.,1,1,Apartment,Upper Unit,2020-Apr-28,"$309,000","$299,000","$299,000",440,7,"$1,781",Leasehold prepaid-Strata,$214.96,"Pets Allowed with Restrictions, Rentals Allowed",P11
R2429247,# 608 9080 UNIVERSITY CRESCENT,Burnaby,Simon Fraser Univer.,2,2,Apartment,Upper Unit,2020-Jan-31,"$540,000","$549,900","$549,900",873,5,"$2,307.59",Leasehold prepaid-Strata,$351.81,"Pets Allowed with Restrictions, Rentals Allowed with Restrictions",CD
R2450710,# 403 8940 UNIVERSITY CRESCENT,Burnaby,Simon Fraser Univer.,2,2,Apartment,Other,2020-May-19,"$575,900","$599,900","$599,900",878,New,,Leasehold prepaid-Strata,$386.32,"Pets Allowed with Restrictions, Rentals Allowed",P11
R2436648,# 60 9229 UNIVERSITY CRESCENT,Burnaby,Simon Fraser Univer.,2,2,Townhouse,,2020-Feb-23,"$585,110","$575,000","$575,000","1,136",14,"$1,789.16",Leasehold prepaid-Strata,$290.33,"Pets Allowed with Restrictions, Rentals Allowed",MF
R2426017,# 307 9298 UNIVERSITY CRESCENT,Burnaby,Simon Fraser Univer.,3,2,Apartment,1 Storey,2020-Mar-09,"$578,000","$599,000","$649,000","1,116",15,"$2,288.08",Leasehold prepaid-Strata,$452.97,"Pets Allowed, Rentals Allowed, Smoking Restrictions",STRATA
R2455722,# 1502 8850 UNIVERSITY CRESCENT,Burnaby,Simon Fraser Univer.,1,1,Apartment,"End Unit, Upper Unit",2020-May-19,"$472,000","$509,000","$509,000",661,1,"$1,056.41",Leasehold prepaid-Strata,$266.43,"Pets Allowed with Restrictions, Rentals Allowed with Restrictions",P11
R2429492,# 501 8850 UNIVERSITY CRESCENT,Burnaby,Simon Fraser Univer.,1,1,Apartment,1 Storey,2020-Feb-10,"$423,000","$420,000","$420,000",584,1,$935.18,Leasehold prepaid-Strata,$235.85,"Pets Allowed with Restrictions, Rentals Allowed",P11
R2405407,# 902 9222 UNIVERSITY CRESCENT,Burnaby,Simon Fraser Univer.,2,1,Apartment,Upper Unit,2019-Dec-14,"$590,000","$649,000","$649,000",955,11,"$2,500.56",Leasehold prepaid-Strata,,"Pets Allowed with Restrictions, Rentals Allowed",P11E
R2435160,# 207 9188 UNIVERSITY CRESCENT,Burnaby,Simon Fraser Univer.,1,1,Apartment,Inside Unit,2020-Feb-16,"$442,000","$449,000","$449,000",750,12,"$1,907.65",Leasehold prepaid-Strata,$236.30,"Pets Allowed with Restrictions, Rentals Allowed",RM5
R2458033,# 610 9262 UNIVERSITY CRESCENT,Burnaby,Simon Fraser Univer.,1,1,Apartment,Upper Unit,2020-Jun-08,"$300,000","$315,000","$315,000",408,15,"$1,526.56",Leasehold prepaid-Strata,$190.58,"Pets Allowed, Rentals Allowed",CONDO
R2428427,# 308 9232 UNIVERSITY CRESCENT,Burnaby,Simon Fraser Univer.,1,1,Apartment,Bachelor/Studio,2020-May-06,"$295,000","$295,000","$325,000",440,14,"$1,549.28",Leasehold prepaid-Strata,$200.61,"Pets Allowed with Restrictions, Rentals Allowed",P11E
R2460369,# 408 9232 UNIVERSITY CRESCENT,Burnaby,Simon Fraser Univer.,1,1,Apartment,Bachelor/Studio,2020-Jun-07,"$298,000","$299,000","$299,000",434,14,"$1,554.97",Leasehold prepaid-Strata,$200.61,"Pets Allowed with Restrictions, Rentals Allowed with Restrictions",P11E
R2426114,# 1002 9266 UNIVERSITY CRESCENT,Burnaby,Simon Fraser Univer.,2,2,Apartment,"Corner Unit, Upper Unit",2020-Feb-12,"$520,000","$549,000","$549,000",838,14,"$2,334.54",Leasehold prepaid-Strata,$357.04,"Pets Allowed with Restrictions, Rentals Allowed",STRATA
R2441141,# 805 9266 UNIVERSITY CRESCENT,Burnaby,Simon Fraser Univer.,2,2,Apartment,"Inside Unit, Upper Unit",2020-Mar-06,"$495,000","$490,000","$490,000",840,14,"$2,138.49",Leasehold prepaid-Strata,$370.11,"Pets Allowed with Restrictions, Rentals Allowed",CD
R2443716,# 203 9329 UNIVERSITY CRESCENT,Burnaby,Simon Fraser Univer.,2,2,Apartment,Corner Unit,2020-Apr-29,"$470,000","$478,888","$499,900",958,16,"$2,213.98",Leasehold prepaid-Strata,$321.77,"Pets Allowed, Rentals Allowed",P11E
R2439826,# 108 9329 UNIVERSITY CRESCENT,Burnaby,Simon Fraser Univer.,2,2,Apartment,"1 Storey, Ground Level Unit",2020-Apr-27,"$530,000","$535,000","$540,000",941,16,"$2,165.66",Leasehold prepaid-Strata,$310.93,"Pets Allowed with Restrictions, Rentals Allowed with Restrictions",P11E
R2458721,# PH2 9250 UNIVERSITY HIGH STREET,Burnaby,Simon Fraser Univer.,2,2,Apartment,1 Storey,2020-Jun-09,"$518,000","$538,000","$538,000",888,8,"$2,196.08",Leasehold prepaid-Strata,$360.61,"Pets Allowed with Restrictions, Rentals Allowed",STRATA
R2456771,# 205 9339 UNIVERSITY CRESCENT,Burnaby,Simon Fraser Univer.,2,2,Apartment,Ground Level Unit,2020-May-23,"$490,000","$494,900","$494,900",932,16,"$2,145.78",Leasehold prepaid-Strata,$310.93,"Pets Allowed with Restrictions, Rentals Allowed",MULTI
R2429935,# 503 9250 UNIVERSITY HIGH STREET,Burnaby,Simon Fraser Univer.,1,1,Apartment,1 Storey,2020-Jan-26,"$404,000","$398,000","$398,000",663,8,"$1,705.01",Leasehold prepaid-Strata,,"Pets Allowed with Restrictions, Rentals Allowed",STRATA
R2451110,# 111 9168 SLOPES MEWS,Burnaby,Simon Fraser Univer.,1,1,Apartment,1 Storey,2020-May-09,"$418,000","$423,000","$423,000",664,4,"$1,992.66",Leasehold prepaid-Strata,$290.18,"Pets Allowed with Restrictions, Rentals Allowed with Restrictions",CDP11
R2443492,# 101 9168 SLOPES MEWS,Burnaby,Simon Fraser Univer.,1,1,Apartment,"1 Storey, Ground Level Unit",2020-Mar-13,"$420,000","$425,000","$425,000",646,3,"$1,967.09",Leasehold prepaid-Strata,$285.27,"Pets Allowed with Restrictions, Rentals Allowed",CD
R2402599,# 515 9168 SLOPES MEWS,Burnaby,Simon Fraser Univer.,1,1,Apartment,Loft/Warehouse Conv.,2020-Feb-13,"$435,000","$468,000","$499,000",678,3,"$2,086.43",Leasehold prepaid-Strata,$309.86,"Pets Allowed with Restrictions, Rentals Allowed",CD
R2428439,# 517 9168 SLOPES MEWS,Burnaby,Simon Fraser Univer.,1,1,Apartment,"1 1/2 Storey, 5 Plus Level",2020-Feb-19,"$437,500","$399,999","$399,999",678,3,"$2,086.43",Leasehold prepaid-Strata,$309.86,"Pets Allowed with Restrictions, Rentals Allowed",CDP11
R2440547,# 513 9877 UNIVERSITY CRESCENT,Burnaby,Simon Fraser Univer.,1,1,Apartment,2 Storey,2020-Jun-04,"$449,000","$465,000","$465,000",676,3,"$2,086.43",Leasehold prepaid-Strata,$309.86,"Pets Allowed with Restrictions, Rentals Allowed",A.CD
R2412186,# 409 9168 SLOPES MEWS,Burnaby,Simon Fraser Univer.,2,1,Apartment,"1 Storey, Upper Unit",2020-Feb-27,"$490,000","$509,000","$509,000",754,4,"$2,217.12",Leasehold prepaid-Strata,$340,"Pets Allowed with Restrictions, Rentals Allowed",A.CD
R2452403,3424 COPELAND AVENUE,Vancouver,Champlain Heights,3,3,Townhouse,,2020-Apr-29,"$572,000","$574,000","$574,000","1,252",40,"$1,565.12",Leasehold prepaid-Strata,$336.38,"Pets Allowed with Restrictions, Rentals Allowed with Restrictions",CD-1
R2445533,# 203 2288 NEWPORT AVENUE,Vancouver,Fraserview VE,2,1,Apartment,1 Storey,2020-Apr-06,"$460,000","$499,000","$499,000",910,28,"$1,293.39",Freehold Strata,$293.12,Rentals Allowed with Restrictions,C-1
R2454452,# 475 8025 CHAMPLAIN CRESCENT,Vancouver,Champlain Heights,2,1,Apartment,2 Storey,2020-Jun-23,"$557,000","$566,600","$566,600","1,128",37,"$1,155.51",Leasehold prepaid-Strata,$386.68,"Pets Allowed with Restrictions, Rentals Allowed",CD1
R2428911,8171 LAVAL PLACE,Vancouver,Champlain Heights,3,3,Townhouse,,2020-May-14,"$600,000","$629,000","$629,000","1,485",40,"$1,754.40",Leasehold prepaid-Strata,$351.02,"Pets Allowed with Restrictions, Rentals Not Allowed",CD-1
R2404706,# 4 3572 RAINIER PLACE,Vancouver,Champlain Heights,4,4,Townhouse,,2019-Dec-07,"$580,000","$609,900","$609,900","1,637",26,"$1,787.69",Leasehold prepaid-Strata,$499.67,"Pets Allowed with Restrictions, Rentals Allowed with Restrictions",CD1
R2457249,# 608 3581 E KENT AVENUE NORTH,Vancouver,South Marine,1,1,Apartment,Inside Unit,2020-Jun-09,"$502,000","$515,000","$515,000",555,New,,Freehold Strata,$241.70,"Pets Allowed, Rentals Allowed",RES
R2450396,# 906 8570 RIVERGRASS DRIVE,Vancouver,South Marine,1,1,Apartment,1 Storey,2020-Jun-04,"$490,000","$499,000","$499,000",508,New,,Freehold Strata,$236.88,No Restrictions,CD-1
R2459293,# 506 8508 RIVERGRASS DRIVE,Vancouver,South Marine,1,1,Apartment,"Penthouse, Upper Unit",2020-Jun-01,"$545,000","$549,900","$549,900",670,New,,Freehold Strata,$298.87,"Pets Allowed, Pets Allowed with Restrictions, Rentals Allowed",CD-1
R2441920,# 411 8508 RIVERGRASS DRIVE,Vancouver,South Marine,1,1,Apartment,"Inside Unit, Upper Unit",2020-Mar-09,"$510,000","$525,000","$525,000",539,New,,Freehold Strata,$241.03,"No Restrictions, Pets Allowed, Rentals Allowed",CD-1
R2440910,# 802 3581 E KENT AVENUE NORTH,Vancouver,South Marine,1,1,Apartment,Inside Unit,2020-Mar-09,"$512,888","$499,000","$499,000",521,New,,Freehold Strata,$218.46,"Pets Allowed with Restrictions, Rentals Allowed",CD-1
R2453550,# 1006 3581 EAST KENT AVENUE NORTH,Vancouver,South Marine,1,1,Apartment,Upper Unit,2020-May-05,"$498,000","$499,000","$499,000",518,New,,Freehold Strata,$218.46,"Pets Allowed with Restrictions, Rentals Allowed",CD-1
R2433790,# 318 8580 RIVER DISTRICT CROSSING,Vancouver,South Marine,1,1,Apartment,1 Storey,2020-Feb-15,"$558,000","$549,000","$549,000",600,3,"$1,372.79",Freehold Strata,$288.51,"Pets Allowed, Rentals Allowed",CD-1
R2425048,# 502 3488 SAWMILL CRESCENT,Vancouver,South Marine,1,1,Apartment,1 Storey,2020-Jan-07,"$545,000","$573,000","$573,000",600,2,"$1,294",Freehold Strata,$331,"Pets Allowed with Restrictions, Rentals Allowed",CD-1
R2433117,# 611 3488 SAWMILL CRESCENT,Vancouver,South Marine,1,1,Apartment,Other,2020-Feb-08,"$515,000","$538,000","$538,000",570,2,"$1,262.65",Freehold Strata,$318.97,"Pets Allowed with Restrictions, Rentals Allowed with Restrictions",CD-1
R2464088,# 508 8533 RIVER DISTRICT CROSSING,Vancouver,South Marine,1,1,Apartment,"1 Storey, Inside Unit",2020-Jun-18,"$518,000","$525,000","$525,000",645,New,$540.94,Freehold Strata,$388.24,"Pets Allowed with Restrictions, Rentals Allowed with Restrictions",CD1
R2440614,# 906 3557 SAWMILL CRESCENT,Vancouver,South Marine,1,1,Apartment,Inside Unit,2020-Mar-10,"$578,000","$578,000","$578,000",653,2,"$1,488.03",Freehold Strata,$307.44,"Pets Allowed with Restrictions, Rentals Allowed",CD-1
R2461008,# 1604 8533 RIVER DISTRICT CROSSING,Vancouver,South Marine,1,1,Apartment,1 Storey,2020-Jun-10,"$517,900","$529,900","$529,900",550,New,,Freehold Strata,$330,"Pets Allowed with Restrictions, Rentals Allowed",CD1
R2438439,# 1201 8538 RIVER DISTRICT CROSSING,Vancouver,South Marine,1,1,Apartment,Inside Unit,2020-Feb-26,"$520,000","$525,000","$525,000",585,2,"$1,383.03",Freehold Strata,$272.16,"Pets Allowed with Restrictions, Rentals Allowed",CD-1
R2449280,# 506 3557 SAWMILL CRESCENT,Vancouver,South Marine,1,1,Apartment,1 Storey,2020-May-10,"$548,800","$548,800","$548,800",651,2,"$1,434.25",Freehold Strata,$307.44,"Pets Allowed with Restrictions, Rentals Allowed with Restrictions",CD-1
R2438591,# 316 3557 SAWMILL CRESCENT,Vancouver,South Marine,1,1,Apartment,Inside Unit,2020-Mar-03,"$558,305","$550,000","$550,000",680,2,"$1,436.81",Freehold Strata,$308,"Pets Allowed with Restrictions, Rentals Allowed with Restrictions",MULTI
R2451571,# 903 3557 SAWMILL CRESCENT,Vancouver,South Marine,1,1,Apartment,Upper Unit,2020-May-11,"$565,000","$578,000","$578,000",662,2,"$1,505.96",Freehold Strata,$307.44,"Pets Allowed with Restrictions, Rentals Allowed",CD-1
R2431808,# 803 3557 SAWMILL CRESCENT,Vancouver,South Marine,1,1,Apartment,Inside Unit,2020-Feb-03,"$568,000","$575,000","$575,000",661,2,"$1,490.60",Freehold Strata,$346.41,"Pets Allowed with Restrictions, Rentals Allowed with Restrictions",CD-1
R2461806,# 812 3557 SAWMILL CRESCENT,Vancouver,South Marine,1,1,Apartment,Upper Unit,2020-Jun-04,"$570,000","$588,000","$588,000",663,2,"$1,490.60",Freehold Strata,$307.44,"Pets Allowed with Restrictions, Rentals Allowed",CD-1
R2468532,# 516 3438 SAWMILL CRESCENT,Vancouver,South Marine,1,1,Apartment,"1 Storey, Inside Unit",2020-Jun-22,"$541,900","$541,900","$541,900",595,New,,Freehold Strata,$236.46,"Pets Allowed with Restrictions, Rentals Allowed",CD-1
R2430478,# 519 3438 SAWMILL CRESCENT,Vancouver,South Marine,1,1,Apartment,1 Storey,2020-Jan-20,"$531,900","$531,900","$531,900",592,New,,Freehold Strata,$236.24,"Pets Allowed with Restrictions, Rentals Allowed",CD-1
R2457214,# 908 3438 SAWMILL CRESCENT,Vancouver,South Marine,1,1,Apartment,"1 Storey, Inside Unit",2020-Jun-22,"$538,200","$538,200","$538,200",564,New,,Freehold Strata,$227.66,"Pets Allowed with Restrictions, Rentals Allowed",CD-1
R2440037,# 1808 3430 E KENT AVENUE SOUTH,Vancouver,South Marine,1,1,Apartment,"1 Storey, Inside Unit",2020-Feb-28,"$503,400","$503,400","$503,400",526,New,,Freehold Strata,$231.08,"Pets Allowed with Restrictions, Rentals Allowed",CD-1
R2456064,# 116 3430 E KENT AVENUE SOUTH,Vancouver,South Marine,1,1,Apartment,"1 Storey, Ground Level Unit",2020-May-23,"$478,900","$478,900","$478,900",546,New,,Freehold Strata,$240.51,"Pets Allowed with Restrictions, Rentals Allowed",CD-1
R2454970,# 112 3400 SE MARINE DRIVE,Vancouver,Champlain Heights,2,1,Apartment,"Corner Unit, Ground Level Unit",2020-Jun-04,"$555,000","$599,000","$599,000","1,184",28,"$1,477.80",Leasehold prepaid-Strata,$440.69,"Pets Allowed with Restrictions, Rentals Allowed with Restrictions",MF
R2428696,# 207 3400 SE MARINE DRIVE,Vancouver,Champlain Heights,2,1,Apartment,"2 Storey, Reverse 2 Storey",2020-Jan-17,"$531,800","$568,000","$568,000","1,285",28,"$1,161.24",Leasehold prepaid-Strata,$399,"Pets Allowed with Restrictions, Rentals Allowed with Restrictions",RES
R2443730,# 1109 3281 E KENT AVENUE,Vancouver,South Marine,1,1,Apartment,Upper Unit,2020-Mar-15,"$537,957","$549,900","$549,900",624,3,"$1,249.84",Freehold Strata,$371.07,"Pets Allowed, Rentals Allowed",CD1
R2458675,# 101 3138 RIVERWALK AVENUE,Vancouver,South Marine,1,1,Apartment,1 Storey,2020-Jun-08,"$552,000","$550,000","$550,000",693,5,"$1,475.22",Freehold Strata,$278.42,"Pets Allowed, Rentals Allowed",CD-1
R2436834,# 106 3162 RIVERWALK AVENUE,Vancouver,South Marine,1,1,Apartment,Ground Level Unit,2020-Feb-26,"$544,000","$549,000","$549,000",663,5,"$1,406.08",Freehold Strata,$278.42,"Pets Allowed with Restrictions, Rentals Allowed",CD-1
R2438836,# 319 3163 RIVERWALK AVENUE,Vancouver,South Marine,1,1,Apartment,Corner Unit,2020-May-07,"$538,000","$559,900","$568,800",776,7,"$1,256.57",Freehold Strata,$338.32,"Pets Allowed with Restrictions, Rentals Allowed",CD-1
R2423728,# 103 3133 RIVERWALK AVENUE,Vancouver,South Marine,1,1,Apartment,Ground Level Unit,2020-Mar-08,"$562,500","$567,800","$597,800",779,7,"$1,038.33",Freehold Strata,$338.32,"Pets Allowed with Restrictions, Rentals Allowed with Restrictions",CD-1
R2443466,# 403 3133 RIVERWALK AVENUE,Vancouver,South Marine,1,1,Apartment,"Corner Unit, Penthouse",2020-Mar-16,"$548,000","$548,000","$548,000",811,7,"$1,290.90",Freehold Strata,$338.32,"Pets Allowed with Restrictions, Rentals Allowed",CD-1
R2431844,# 706 3061 E KENT AVENUE NORTH,Vancouver,South Marine,2,1,Apartment,"5 Plus Level, Upper Unit",2020-Feb-02,"$508,000","$515,000","$515,000",903,29,"$1,111.54",Leasehold prepaid-Strata,$382.30,"Pets Allowed with Restrictions, Rentals Allowed with Restrictions",VA
R2436513,# 409 8495 JELLICOE STREET,Vancouver,South Marine,2,1,Apartment,"Corner Unit, Penthouse",2020-Feb-27,"$595,000","$599,900","$599,900",890,23,"$1,429.12",Freehold Strata,$410.38,"Pets Allowed, Rentals Allowed with Restrictions",STRATA
R2432777,# 407 8495 JELLICOE STREET,Vancouver,South Marine,2,1,Apartment,"End Unit, Upper Unit",2020-Apr-14,"$515,000","$539,000","$549,000",833,23,"$1,336.93",Freehold Strata,$385.57,"Pets Allowed with Restrictions, Rentals Allowed with Restrictions",CD-1
R2435583,# 17 2885 E KENT AVENUE,Vancouver,South Marine,2,1,Townhouse,,2020-Feb-19,"$556,000","$499,900","$499,900",951,27,"$1,254.96",Freehold Strata,$326.46,"Pets Allowed with Restrictions, Rentals Allowed with Restrictions",CD-1
R2463491,# 21 2885 E KENT AVENUE,Vancouver,South Marine,2,1,Townhouse,,2020-Jun-14,"$537,000","$499,000","$499,000",945,27,"$1,319",Freehold Strata,$358.73,"Pets Allowed with Restrictions, Rentals Allowed with Restrictions",CD-1
R2441489,# 112 8460 JELLICOE STREET,Vancouver,South Marine,2,1,Apartment,"End Unit, Ground Level Unit",2020-Mar-06,"$577,000","$588,800","$588,800",965,26,"$1,227.01",Freehold Strata,$442.62,"Pets Allowed with Restrictions, Rentals Allowed with Restrictions",-
R2424364,# 408 8460 JELLICOE STREET,Vancouver,South Marine,1,1,Apartment,"1 Storey, Upper Unit",2020-Jan-30,"$430,000","$448,000","$448,000",695,24,"$1,037.29",Freehold Strata,$322.98,"Pets Allowed with Restrictions, Rentals Allowed with Restrictions",CD-1
R2432631,# 108 8450 JELLICOE STREET,Vancouver,South Marine,1,1,Apartment,1 Storey,2020-Feb-28,"$435,000","$455,000","$455,000",695,26,$915.25,Freehold Strata,$326.93,"Pets Allowed with Restrictions, Rentals Allowed with Restrictions",CD-1
R2432966,# 102 8460 JELLICOE STREET,Vancouver,South Marine,1,1,Apartment,Ground Level Unit,2020-Feb-10,"$460,000","$439,000","$439,000",695,26,$923.83,Freehold Strata,$326,"Pets Allowed with Restrictions, Rentals Allowed with Restrictions",CD-1
R2428215,# 201 2763 CHANDLERY PLACE,Vancouver,South Marine,2,1,Apartment,"Corner Unit, Ground Level Unit",2020-Mar-02,"$558,888","$578,500","$588,000",900,20,"$1,214.14",Freehold Strata,$520.90,"Pets Allowed with Restrictions, Rentals Allowed with Restrictions",CD-1
R2426046,# 1211 2763 CHANDLERY PLACE,Vancouver,South Marine,1,1,Apartment,Upper Unit,2020-Jan-18,"$390,000","$399,000","$399,000",488,21,$827.64,Freehold Strata,$292.72,"Pets Allowed with Restrictions, Rentals Allowed with Restrictions",CD-1
R2439409,# 803 2763 CHANDLERY PLACE,Vancouver,South Marine,1,1,Apartment,1 Storey,2020-Mar-02,"$407,500","$424,900","$424,900",520,20,$871.40,Freehold Strata,$314.24,"Pets Allowed with Restrictions, Rentals Allowed with Restrictions",CD-1
R2439315,# 702 2733 CHANDLERY PLACE,Vancouver,South Marine,1,1,Apartment,Upper Unit,2020-Mar-04,"$452,500","$429,000","$429,000",617,21,$970.55,Freehold Strata,$374.21,"Pets Allowed with Restrictions, Rentals Allowed with Restrictions",CD-1
R2416093,# 305 2763 CHANDLERY PLACE,Vancouver,South Marine,1,1,Apartment,1 Storey,2020-Jan-18,"$390,000","$411,000","$411,000",555,21,$854.90,Freehold Strata,$290.12,"Pets Allowed with Restrictions, Rentals Allowed with Restrictions",CD-1
R2427639,# 607 2733 CHANDLERY PLACE,Vancouver,South Marine,2,1,Apartment,"Corner Unit, Inside Unit",2020-Jan-09,"$512,000","$539,000","$539,000",791,21,"$1,170.76",Freehold Strata,$473.96,"Pets Allowed with Restrictions, Rentals Allowed with Restrictions",CD-1
R2436380,# 303 2020 E KENT AVENUE SOUTH AVENUE,Vancouver,South Marine,2,1,Apartment,Inside Unit,2020-Apr-15,"$545,000","$548,000","$598,000",879,26,"$1,250.23",Freehold Strata,$393,"Pets Allowed with Restrictions, Rentals Allowed with Restrictions",CD-1
R2446335,# 102 1880 E KENT AVENUE SOUTH,Vancouver,South Marine,2,1,Apartment,Ground Level Unit,2020-May-16,"$580,000","$599,000","$599,000",883,25,"$1,506.73",Freehold Strata,$369.18,"Pets Allowed, Rentals Allowed",CD1
R2438661,# 303 1880 E KENT AVENUE SOUTH,Vancouver,South Marine,1,1,Apartment,Inside Unit,2020-Mar-03,"$445,000","$399,900","$399,900",700,25,"$1,289.81",Freehold Strata,$284.72,"Pets Allowed with Restrictions, Rentals Allowed",CD-1
R2425478,# 305 5280 OAKMOUNT CRESCENT,Burnaby,Oaklands,2,1,Apartment,1 Storey,2020-Jan-12,"$595,000","$619,000","$619,000","1,134",25,"$2,565.99",Freehold Strata,$464.09,"Pets Allowed with Restrictions, Rentals Not Allowed",CD
R2428720,# 404 5262 OAKMOUNT CRESCENT,Burnaby,Oaklands,2,1,Apartment,"Inside Unit, Upper Unit",2020-Jan-29,"$590,000","$617,000","$599,999","1,111",26,"$2,547.50",Freehold Strata,$345.35,"Pets Allowed, Rentals Not Allowed",MF
R2441751,# 300 6388 MARLBOROUGH AVENUE,Burnaby,Forest Glen BS,2,2,Apartment,Corner Unit,2020-Mar-08,"$550,000","$549,000","$549,000",974,28,"$2,295.64",Freehold Strata,$267.24,"Pets Not Allowed, Rentals Allowed with Restrictions",MF
R2413447,# 309 5355 LANE STREET,Burnaby,Metrotown,2,2,Apartment,1 Storey,2020-Jan-16,"$585,000","$628,000","$628,000",754,1,,Freehold Strata,$298.25,"Pets Allowed, Rentals Allowed",C9A
R2448035,# 415 6888 ROYAL OAK AVENUE,Burnaby,Metrotown,1,1,Apartment,Penthouse,2020-Mar-30,"$470,000","$499,000","$499,000",714,8,"$2,255.68",Freehold Strata,$200,No Restrictions,CD
R2394756,# 207 6875 DUNBLANE AVENUE,Burnaby,Metrotown,2,2,Apartment,Corner Unit,2020-Jan-08,"$593,000","$625,000","$625,000",769,4,"$2,259.09",Freehold Strata,$217,"Pets Allowed with Restrictions, Rentals Allowed",MF
R2425304,# 2406 5051 IMPERIAL STREET,Burnaby,Metrotown,1,1,Apartment,1 Storey,2020-Jan-01,"$570,000","$589,000","$589,000",546,1,,Freehold Strata,$260,No Restrictions,STRATA
R2437176,# 1505 4888 HAZEL STREET,Burnaby,Forest Glen BS,2,1,Apartment,"Corner Unit, Upper Unit",2020-Feb-23,"$545,000","$549,900","$549,900",789,24,"$2,545.59",Freehold Strata,$287,"Pets Allowed with Restrictions, Rentals Allowed with Restrictions",CD
R2428654,# 2107 4808 HAZEL STREET,Burnaby,Forest Glen BS,1,1,Apartment,Inside Unit,2020-Feb-03,"$520,000","$549,900","$549,900",555,12,"$2,217.82",Freehold Strata,$179.24,"Pets Allowed with Restrictions, Rentals Allowed",APT
R2433969,# 410 4825 HAZEL STREET,Burnaby,Forest Glen BS,1,1,Apartment,Inside Unit,2020-Feb-25,"$528,000","$545,000","$545,000",918,29,"$2,245.30",Freehold Strata,$340.46,"Pets Not Allowed, Rentals Not Allowed, Smoking Restrictions",CD
R2449653,# 1002 4688 KINGSWAY,Burnaby,Metrotown,1,1,Apartment,Inside Unit,2020-Apr-15,"$593,000","$625,000","$625,000",622,5,"$2,531.74",Freehold NonStrata,$281.83,"Pets Allowed with Restrictions, Rentals Allowed with Restrictions",APT
R2448136,# 305 4625 GRANGE AVENUE,Burnaby,Central Park BS,1,1,Apartment,"Inside Unit, Upper Unit",2020-Apr-13,"$403,000","$428,000","$428,000",739,45,"$1,682",Freehold Strata,$247,"Pets Allowed, Rentals Allowed",RM3
R2459529,# 1505 4505 HAZEL STREET,Burnaby,Forest Glen BS,2,1,Apartment,Corner Unit,2020-Jun-01,"$535,500","$549,000","$549,000",715,22,"$2,138.72",Freehold Strata,$258.95,"Pets Not Allowed, Rentals Allowed with Restrictions",CD
R2426751,# PH22 5248 GRIMMER STREET,Burnaby,Metrotown,1,1,Apartment,Penthouse,2020-Jan-10,"$445,000","$449,900","$449,900",595,7,"$2,029.07",Freehold Strata,$172.55,"Pets Allowed, Rentals Allowed with Restrictions",CD
R2428321,# 218 5248 GRIMMER STREET,Burnaby,Metrotown,2,2,Apartment,Inside Unit,2020-Jan-31,"$573,000","$575,000","$575,000",800,7,"$2,367.16",Freehold Strata,$232.16,"Pets Allowed with Restrictions, Rentals Allowed with Restrictions",CD
R2449249,# PH05 5288 GRIMMER STREET,Burnaby,Metrotown,1,1,Apartment,"Penthouse, Upper Unit",2020-Apr-24,"$465,000","$489,000","$489,000",620,5,"$2,142.10",Freehold Strata,$192.54,"Pets Allowed, Rentals Allowed",CD
R2407140,# 312 5211 GRIMMER STREET,Burnaby,Metrotown,2,2,Apartment,"Inside Unit, Upper Unit",2019-Dec-23,"$600,000","$609,900","$628,000",907,11,"$1,778.91",Freehold Strata,$382.86,"Pets Allowed with Restrictions, Rentals Allowed",MF
R2444417,# 202 5211 GRIMMER STREET,Burnaby,Metrotown,1,1,Apartment,Inside Unit,2020-Mar-13,"$438,000","$448,000","$448,000",619,11,"$1,980.50",Freehold Strata,$265,"Pets Allowed with Restrictions, Rentals Allowed",CD
R2443949,# 303 5211 GRIMMER STREET,Burnaby,Metrotown,1,1,Apartment,Inside Unit,2020-Mar-15,"$460,000","$438,000","$438,000",645,11,"$2,018.86",Freehold Strata,$273.48,"Pets Allowed with Restrictions, Rentals Allowed with Restrictions","CD, C9"
R2434620,# 2101 6540 BURLINGTON AVENUE,Burnaby,Metrotown,2,1,Apartment,Inside Unit,2020-Apr-29,"$520,000","$555,000","$555,000","1,085",37,"$2,349.84",Freehold Strata,$315.24,"Pets Allowed, Rentals Allowed with Restrictions",CD
R2412518,# 401 6540 BURLINGTON AVENUE,Burnaby,Metrotown,2,1,Apartment,1 Storey,2019-Dec-30,"$463,000","$479,900","$499,900","1,012",37,"$2,003.21",Freehold Strata,$293.35,"Pets Allowed with Restrictions, Rentals Not Allowed",STRATA
R2439091,# 405 6540 BURLINGTON AVENUE,Burnaby,Metrotown,2,1,Apartment,Corner Unit,2020-Mar-12,"$490,000","$480,000","$480,000","1,057",37,"$2,153.79",Freehold Strata,$298.66,"Pets Allowed with Restrictions, Rentals Allowed with Restrictions",CD
R2427129,# 2505 6540 BURLINGTON AVENUE,Burnaby,Metrotown,2,1,Apartment,Upper Unit,2020-Feb-18,"$500,000","$549,000","$549,000","1,190",37,"$2,582.79",Freehold Strata,$345.99,"Pets Allowed with Restrictions, Rentals Not Allowed",CD
R2448449,# 3308 4900 LENNOX LANE,Burnaby,Metrotown,1,1,Apartment,1 Storey,2020-Apr-14,"$565,000","$588,000","$588,000",548,3,"$1,802.19",Freehold Strata,$174.17,"Pets Allowed with Restrictions, Rentals Allowed",APT
R2448712,# 3204 4900 LENNOX LANE,Burnaby,Metrotown,1,1,Apartment,Upper Unit,2020-Jun-10,"$530,500","$538,000","$549,000",503,3,"$2,349.84",Freehold Strata,$160.51,"Pets Allowed, Rentals Allowed",CD
R2450425,# 3904 4900 LENNOX LANE,Burnaby,Metrotown,1,1,Apartment,Upper Unit,2020-May-03,"$541,000","$548,000","$548,000",503,3,"$2,372.56",Freehold Strata,,No Restrictions,CD
R2441150,# 1607 4900 LENNOX LANE,Burnaby,Metrotown,1,1,Apartment,"5 Plus Level, Other",2020-Mar-09,"$546,000","$549,900","$549,900",512,3,"$2,236.20",Freehold Strata,$163.92,"Pets Allowed, Rentals Allowed",STRATA
R2453791,# 701 6588 NELSON AVENUE,Burnaby,Metrotown,1,1,Apartment,1 Storey,2020-May-24,"$588,000","$599,900","$599,900",611,5,"$2,281.64",Freehold Strata,$216.27,"Pets Allowed, Rentals Allowed",CD
R2466106,# 2103 6588 NELSON AVENUE,Burnaby,Metrotown,1,1,Apartment,1 Storey,2020-Jun-23,"$540,000","$583,000","$583,000",540,5,"$2,290.18",Freehold Strata,$193.10,"Pets Allowed with Restrictions, Rentals Allowed with Restrictions",CD
R2435713,# 3603 6588 NELSON AVENUE,Burnaby,Metrotown,1,1,Apartment,1 Storey,2020-Feb-18,"$562,388","$578,000","$578,000",540,5,"$2,369.73",Freehold Strata,$193.10,No Restrictions,APT
R2435720,# 3003 6588 NELSON AVENUE,Burnaby,Metrotown,1,1,Apartment,"1 Storey, Upper Unit",2020-Feb-22,"$575,000","$618,000","$618,000",540,5,"$2,344.16",Freehold Strata,$193.10,"Pets Allowed with Restrictions, Rentals Allowed",CD
R2443753,# 1707 6070 MCMURRAY AVENUE,Burnaby,Forest Glen BS,2,2,Apartment,Other,2020-May-21,"$600,000","$625,000","$650,000","1,070",33,"$2,559",Freehold Strata,$450,"Pets Not Allowed, Rentals Not Allowed",RM
R2426537,# 604 6055 NELSON AVENUE,Burnaby,Forest Glen BS,1,1,Apartment,1 Storey,2020-Jan-09,"$470,000","$478,000","$478,000",816,32,"$2,029.69",Freehold Strata,$300,"Pets Not Allowed, Rentals Not Allowed",CD RMS
R2463447,# 911 4670 ASSEMBLY WAY,Burnaby,Metrotown,1,1,Apartment,1 Storey,2020-Jun-10,"$576,000","$599,000","$599,000",588,2,"$2,267.14",Freehold Strata,$234.04,"Pets Allowed with Restrictions, Rentals Allowed",MULTI
R2424786,# 1003 4670 ASSEMBLY WAY,Burnaby,Metrotown,1,1,Apartment,1 Storey,2019-Dec-25,"$503,000","$488,800","$488,800",513,2,"$2,108.04",Freehold Strata,$200,"Pets Allowed with Restrictions, Rentals Allowed",CD1
R2434889,# 1503 4657 HAZEL STREET,Burnaby,Forest Glen BS,1,1,Apartment,"Corner Unit, Upper Unit",2020-Mar-26,"$531,500","$549,900","$549,900",769,27,"$2,351.37",Freehold Strata,$226.54,"Pets Allowed with Restrictions, Rentals Allowed with Restrictions",RM-5
R2432175,# 404 4657 HAZEL STREET,Burnaby,Forest Glen BS,1,1,Apartment,1 Storey,2020-Mar-30,"$423,000","$449,000","$480,000",686,27,"$2,081.47",Freehold Strata,$195.92,"Pets Allowed with Restrictions, Rentals Allowed with Restrictions",CD
R2402094,# 605 4689 HAZEL STREET,Burnaby,Forest Glen BS,1,1,Apartment,Inside Unit,2020-Jan-26,"$471,000","$499,900","$519,000",700,26,"$2,092.83",Freehold Strata,$197.13,"Pets Allowed with Restrictions, Rentals Allowed with Restrictions",CD
R2441875,# 503 4657 HAZEL STREET,Burnaby,Forest Glen BS,1,1,Apartment,Corner Unit,2020-May-11,"$480,000","$519,999","$489,999",769,27,"$1,446.83",Freehold Strata,$226.54,"Pets Allowed with Restrictions, Rentals Allowed with Restrictions",RM-5
R2441596,# 1602 4657 HAZEL STREET,Burnaby,Forest Glen BS,1,1,Apartment,"1 Storey, Upper Unit",2020-Jun-03,"$494,000","$519,799","$519,799",705,26,,Freehold Strata,$198.34,"Pets Allowed with Restrictions, Rentals Allowed with Restrictions",MF
R2435186,# 1402 4657 HAZEL STREET,Burnaby,Forest Glen BS,1,1,Apartment,Upper Unit,2020-Feb-17,"$503,000","$519,000","$519,000",705,27,"$2,200.80",Freehold Strata,$198.34,"Pets Allowed with Restrictions, Rentals Allowed with Restrictions",CD
R2448146,# 138 7388 MACPHERSON AVENUE,Burnaby,Metrotown,2,1,Apartment,"Corner Unit, Ground Level Unit",2020-Apr-26,"$570,000","$599,900","$599,900",913,14,"$2,454.44",Freehold Strata,$235,"Pets Allowed with Restrictions, Rentals Allowed with Restrictions",CD
R2429236,# 203 7326 ANTRIM AVENUE,Burnaby,Metrotown,1,1,Apartment,Inside Unit,2020-Jan-27,"$425,000","$440,000","$440,000",703,25,"$1,879.40",Freehold Strata,$281.33,"Pets Allowed with Restrictions, Rentals Allowed with Restrictions",CD
R2435253,# 101 7188 ROYAL OAK AVENUE,Burnaby,Metrotown,0,1,Apartment,1 Storey,2020-Mar-16,"$320,000","$348,800","$368,800",474,27,"$1,487.13",Freehold Strata,$205.07,"Pets Allowed with Restrictions, Rentals Allowed with Restrictions",CD
R2437573,# 111 7117 ANTRIM AVENUE,Burnaby,Metrotown,2,2,Apartment,Corner Unit,2020-Mar-04,"$560,000","$578,000","$599,800","1,030",24,"$2,408.24",Freehold Strata,$358.43,"Pets Allowed, Rentals Allowed with Restrictions",RES
R2421193,# 210 5375 VICTORY STREET,Burnaby,Metrotown,2,2,Apartment,1 Storey,2019-Dec-28,"$519,000","$529,900","$529,900","1,002",28,"$2,250.67",Freehold Strata,$411.01,Pets Not Allowed,CD
R2463959,# 206 5885 IRMIN STREET,Burnaby,Metrotown,2,2,Apartment,Other,2020-Jun-15,"$545,000","$548,800","$548,800",808,11,"$2,339.21",Freehold Strata,$361.08,"No Restrictions, Pets Allowed, Rentals Allowed",CD
R2435866,# 412 5889 IRMIN STREET,Burnaby,Metrotown,1,1,Apartment,Penthouse,2020-Feb-16,"$460,000","$458,900","$458,900",611,11,"$2,046.57",Freehold Strata,$239.40,"Pets Allowed with Restrictions, Rentals Allowed",CD
R2428977,# 305 5885 IRMIN STREET,Burnaby,Metrotown,1,1,Apartment,1 Storey,2020-Jan-18,"$462,500","$458,800","$458,800",611,11,"$2,009.63",Freehold Strata,$239.40,"Pets Allowed with Restrictions, Rentals Allowed with Restrictions",CD
R2435097,# 105 5788 SIDLEY STREET,Burnaby,Metrotown,2,2,Apartment,"Ground Level Unit, Inside Unit",2020-May-29,"$575,000","$618,000","$618,000",808,8,"$2,427.36",Freehold Strata,$306.72,"Pets Allowed, Rentals Allowed",RM3
R2446778,# 227 5788 SIDLEY STREET,Burnaby,Metrotown,1,1,Apartment,Upper Unit,2020-May-14,"$385,000","$418,800","$418,800",464,8,"$1,765.39",Freehold Strata,$175.85,,RM3
R2426505,# 304 5788 SIDLEY STREET,Burnaby,Metrotown,1,1,Apartment,Upper Unit,2020-Jan-12,"$395,000","$398,000","$398,000",462,8,"$1,626.68",Freehold Strata,$175.85,"Pets Allowed, Rentals Allowed",RM3
R2462799,# 302 7337 MACPHERSON AVENUE,Burnaby,Metrotown,2,1,Apartment,Corner Unit,2020-Jun-10,"$583,000","$599,000","$599,000",875,12,"$2,425.08",Freehold Strata,$311,No Restrictions,CD
R2454418,# 310 7337 MACPHERSON AVENUE,Burnaby,Metrotown,2,1,Apartment,Corner Unit,2020-May-14,"$586,500","$589,000","$589,000",910,12,"$2,501.80",Freehold Strata,$331.69,"Pets Allowed with Restrictions, Rentals Allowed",STRATA
R2444767,# 311 5350 VICTORY STREET,Burnaby,Metrotown,2,2,Apartment,Upper Unit,2020-Mar-16,"$571,500","$569,000","$569,000",985,31,"$2,343.88",Freehold Strata,$254.05,"Pets Allowed with Restrictions, Rentals Not Allowed",CD
R2437109,# 201 5350 VICTORY STREET,Burnaby,Metrotown,2,2,Apartment,1 Storey,2020-Feb-20,"$530,000","$549,000","$549,000","1,010",30,"$2,372.01",Freehold Strata,$256.55,"Pets Allowed with Restrictions, Rentals Not Allowed",CD
R2434060,# 305 5350 VICTORY STREET,Burnaby,Metrotown,2,2,Apartment,1 Storey,2020-Feb-22,"$548,500","$569,000","$569,000","1,069",31,"$2,422.57",Freehold Strata,$275.22,"Pets Allowed with Restrictions, Rentals Not Allowed",CD
R2425916,# 109 5250 VICTORY STREET,Burnaby,Metrotown,2,2,Apartment,Other,2020-Jan-18,"$570,000","$575,000","$575,000",980,29,"$2,180.94",Freehold Strata,$316.91,"Pets Allowed with Restrictions, Rentals Allowed",APT
R2431177,# 304 5250 VICTORY STREET,Burnaby,Metrotown,2,2,Apartment,Penthouse,2020-Mar-06,"$550,000","$565,000","$565,000","1,006",30,"$2,220.74",Freehold Strata,$308.33,"Pets Allowed with Restrictions, Rentals Allowed",CD
R2447203,# 402 6689 WILLINGDON AVENUE,Burnaby,Metrotown,2,1,Apartment,Inside Unit,2020-May-04,"$423,000","$435,000","$435,000",803,45,"$1,946.68",Freehold Strata,$330.25,"Pets Allowed, Rentals Allowed with Restrictions",CD
R2432470,# 1406 6595 WILLINGDON AVENUE,Burnaby,Metrotown,2,2,Apartment,1 Storey,2020-Feb-05,"$464,900","$464,900","$464,900",905,37,"$2,094.61",Freehold Strata,$299.45,Rentals Allowed with Restrictions,CD
R2438616,# 908 6658 DOW AVENUE,Burnaby,Metrotown,1,1,Apartment,Upper Unit,2020-Mar-03,"$560,000","$599,900","$599,900",600,6,"$2,250.56",Freehold Strata,$210,"Pets Allowed with Restrictions, Rentals Allowed",CD
R2431538,# 803 6282 KATHLEEN AVENUE,Burnaby,Metrotown,2,1,Apartment,Corner Unit,2020-Feb-01,"$599,900","$599,900","$599,900","1,168",34,"$2,514.37",Freehold Strata,$437.39,"Pets Not Allowed, Rentals Not Allowed",CDRM-5
R2426589,# 101 4155 CENTRAL BOULEVARD,Burnaby,Metrotown,1,1,Townhouse,,2020-Feb-03,"$450,000","$469,000","$469,000",587,14,"$1,968.04",Freehold Strata,$185.52,"Pets Allowed with Restrictions, Rentals Allowed",CD
R2417129,# 2803 6088 WILLINGDON AVENUE,Burnaby,Metrotown,1,1,Apartment,Corner Unit,2020-Jan-06,"$479,738","$520,000","$520,000",769,20,"$2,294.60",Freehold Strata,$221.12,"Pets Not Allowed, Rentals Allowed with Restrictions",CD
R2431667,# 401 4105 IMPERIAL STREET,Burnaby,Metrotown,2,2,Apartment,Corner Unit,2020-May-08,"$423,000","$439,900","$439,900",904,44,"$1,999.67",Freehold Strata,$509.91,"Pets Not Allowed, Rentals Allowed with Restrictions",RM4
R2437149,# 805 4105 IMPERIAL STREET,Burnaby,Metrotown,1,1,Apartment,Corner Unit,2020-May-10,"$355,000","$369,900","$388,000",645,44,"$1,709.03",Freehold Strata,$355,"Pets Not Allowed, Rentals Allowed with Restrictions",RM4
R2461930,# 2803 6463 SILVER AVENUE,Burnaby,Metrotown,1,1,Apartment,"1 Storey, Inside Unit",2020-Jun-09,"$493,000","$493,900","$493,900",393,New,,Freehold Strata,$209.68,"Pets Allowed, Rentals Allowed",RM4
R2460992,# 2203 6463 SILVER AVENUE,Burnaby,Metrotown,0,1,Apartment,"1 Storey, Inside Unit",2020-Jun-04,"$479,900","$479,900","$479,900",393,New,"$1,331.44",Freehold Strata,$209.68,"Pets Allowed, Rentals Allowed",RM4
R2449398,# 3906 6333 SILVER AVENUE,Burnaby,Metrotown,1,1,Apartment,Other,2020-Apr-16,"$558,000","$563,900","$563,900",511,5,"$2,383.96",Freehold Strata,$213.61,"Pets Allowed with Restrictions, Rentals Allowed with Restrictions",CD1
R2453530,# 1003 6333 SILVER AVENUE,Burnaby,Metrotown,1,1,Apartment,Inside Unit,2020-Jun-03,"$515,000","$529,000","$529,000",510,5,"$2,222.02",Freehold Strata,$210,Pets Allowed with Restrictions,CD
R2442637,# 3206 6333 SILVER AVENUE,Burnaby,Metrotown,1,1,Apartment,"1 Storey, Upper Unit",2020-Mar-17,"$535,000","$569,000","$569,000",510,5,"$1,660.75",Freehold Strata,$213.61,Rentals Allowed,APT
R2439916,# 1706 6333 SILVER AVENUE,Burnaby,Metrotown,1,1,Apartment,Inside Unit,2020-Mar-15,"$535,000","$559,900","$575,000",512,5,"$2,275.99",Freehold Strata,$213.61,"Pets Allowed, Rentals Allowed with Restrictions",CD
R2443472,# 3503 6333 SILVER AVENUE,Burnaby,Metrotown,1,1,Apartment,"1 Storey, Upper Unit",2020-Mar-19,"$536,800","$489,000","$489,000",517,5,"$2,392.48",Freehold Strata,$213.61,"Pets Allowed with Restrictions, Rentals Allowed with Restrictions",STRATA
R2436735,# 3506 6333 SILVER AVENUE,Burnaby,Metrotown,1,1,Apartment,"Inside Unit, Upper Unit",2020-Feb-27,"$556,500","$568,000","$568,000",510,5,"$2,372.59",Freehold Strata,$213.61,"Pets Allowed with Restrictions, Rentals Allowed",CD1
R2441971,# 1805 4134 MAYWOOD STREET,Burnaby,Metrotown,2,2,Apartment,"Corner Unit, Upper Unit",2020-May-21,"$575,000","$584,999","$599,999",942,35,"$2,355.95",Freehold Strata,$403.95,"Pets Not Allowed, Rentals Allowed with Restrictions",CD
R2412849,# 704 4194 MAYWOOD STREET,Burnaby,Metrotown,1,1,Apartment,Inside Unit,2020-Jan-23,"$412,500","$429,800","$448,500",746,35,"$1,873.91",Freehold Strata,$286,"Pets Not Allowed, Rentals Allowed with Restrictions",APT
R2447234,# 704 4134 MAYWOOD STREET,Burnaby,Metrotown,1,1,Apartment,Other,2020-Apr-01,"$414,000","$429,900","$429,900",746,35,"$1,887.16",Freehold Strata,$302.96,"Pets Not Allowed, Rentals Allowed with Restrictions",CD
R2426097,# 408 4194 MAYWOOD STREET,Burnaby,Metrotown,1,1,Apartment,1 Storey,2020-Jan-04,"$425,000","$429,000","$429,000",711,35,"$1,862.53",Freehold Strata,$302.96,"Pets Not Allowed, Rentals Allowed with Restrictions, Smoking Restrictions",APT
R2441912,# 1203 4134 MAYWOOD STREET,Burnaby,Metrotown,2,2,Apartment,Upper Unit,2020-Mar-17,"$496,000","$499,999","$499,999",942,35,"$2,259.35",Freehold Strata,$403.95,"Pets Not Allowed, Rentals Allowed with Restrictions",CD
R2408991,# 905 4194 MAYWOOD STREET,Burnaby,Metrotown,2,1,Apartment,1 Storey,2019-Dec-28,"$470,000","$468,000","$499,000",926,35,"$2,138.13",Freehold Strata,$392.20,"Pets Not Allowed, Rentals Allowed with Restrictions, Smoking Restrictions",CD
R2442170,# 1405 4134 MAYWOOD STREET,Burnaby,Metrotown,2,1,Apartment,Corner Unit,2020-Mar-07,"$500,000","$509,900","$509,900",915,37,"$2,196.84",Freehold Strata,$403.95,"Pets Not Allowed, Rentals Allowed with Restrictions",CD
R2453756,# 1503 4134 MAYWOOD STREET,Burnaby,Metrotown,2,2,Apartment,Corner Unit,2020-May-08,"$512,500","$512,500","$512,500",943,37,"$2,247.98",Freehold Strata,$403.95,"Pets Not Allowed, Rentals Allowed with Restrictions",CD
R2407676,# 1204 4200 MAYBERRY STREET,Burnaby,Central Park BS,2,1,Apartment,Upper Unit,2020-Feb-07,"$460,000","$488,000","$488,000",786,43,"$1,991.08",Freehold Strata,$399.12,"Pets Allowed with Restrictions, Rentals Allowed",RM
R2413220,# 510 4300 MAYBERRY STREET,Burnaby,Metrotown,2,2,Apartment,Corner Unit,2019-Oct-18,"$460,000","$499,000","$499,000",950,43,"$2,178.03",Freehold Strata,$473.26,"Pets Not Allowed, Rentals Allowed",CD
R2450316,# 404 4105 MAYWOOD STREET,Burnaby,Metrotown,2,1,Apartment,1 Storey,2020-May-28,"$470,000","$479,000","$499,000",783,43,"$1,904.73",Freehold Strata,$454.59,"Pets Not Allowed, Rentals Allowed",RM
R2424987,# 206 4105 MAYWOOD STREET,Burnaby,Metrotown,2,1,Apartment,"1 Storey, Corner Unit",2020-Feb-04,"$485,000","$499,999","$499,999",783,43,"$1,955.85",Freehold Strata,$397.60,"Pets Not Allowed, Rentals Allowed",CD
R2421033,# 405 4689 HAZEL STREET,Burnaby,Forest Glen BS,1,1,Apartment,1 Storey,2019-Dec-28,"$466,000","$490,000","$490,000",700,26,"$2,072.94",Freehold Strata,$197.13,"Pets Allowed with Restrictions, Rentals Allowed with Restrictions",CD
R2443810,# 121 5588 PATTERSON AVENUE,Burnaby,Central Park BS,1,1,Townhouse,,2020-Mar-16,"$448,888","$448,000","$448,000",611,11,"$1,908.68",Freehold Strata,$180.08,"Pets Allowed, Rentals Allowed",CD RM3
R2408298,# 113 4255 SARDIS STREET,Burnaby,Central Park BS,1,1,Townhouse,,2020-Jan-07,"$442,800","$469,000","$469,000",598,6,"$2,120.80",Freehold Strata,$133.24,"Pets Allowed with Restrictions, Rentals Allowed",CD
R2426206,# 108 5565 BARKER AVENUE,Burnaby,Central Park BS,2,2,Apartment,"1 Storey, Ground Level Unit",2020-May-07,"$599,900","$599,900","$599,900","1,212",30,"$2,361.63",Freehold Strata,$355,"Pets Not Allowed, Rentals Not Allowed",CD
R2443962,# 107 5565 BARKER AVENUE,Burnaby,Central Park BS,2,2,Apartment,"3 Storey, Ground Level Unit",2020-Mar-23,"$580,000","$618,000","$618,000","1,207",30,"$2,361.63",Freehold Strata,$354.97,"Pets Not Allowed, Rentals Not Allowed",CD
R2463134,# 2104 5652 PATTERSON AVENUE,Burnaby,Central Park BS,2,1,Apartment,"Penthouse, Upper Unit",2020-Jun-12,"$555,000","$578,888","$578,888",959,38,"$2,069.69",Freehold Strata,$392.15,Rentals Not Allowed,STRATA
R2453869,# 403 5645 BARKER AVENUE,Burnaby,Central Park BS,0,1,Apartment,"Inside Unit, Bachelor/Studio",2020-May-07,"$295,000","$299,000","$299,000",519,46,"$1,478",Freehold Strata,$207.73,"Pets Not Allowed, Rentals Not Allowed",CD
R2430186,# 203 4160 SARDIS STREET,Burnaby,Central Park BS,1,1,Apartment,Inside Unit,2020-Jan-24,"$295,000","$298,000","$298,000",498,43,"$1,474.87",Freehold Strata,$197.34,"Pets Not Allowed, Rentals Not Allowed",CD
R2437725,# 1703 4160 SARDIS STREET,Burnaby,Central Park BS,1,1,Apartment,Inside Unit,2020-Feb-22,"$310,000","$318,000","$318,000",511,45,"$1,537.38",Freehold Strata,$192.09,"Pets Not Allowed, Rentals Not Allowed",CD
R2436349,# 1902 5645 BARKER AVENUE,Burnaby,Central Park BS,1,1,Apartment,"Corner Unit, Upper Unit",2020-Feb-20,"$375,000","$388,000","$388,000",783,46,"$1,964.38",Freehold Strata,$302.02,"Pets Not Allowed, Rentals Not Allowed",CD-RM5
R2448997,# 204 4160 SARDIS STREET,Burnaby,Central Park BS,1,1,Apartment,Corner Unit,2020-May-10,"$400,000","$419,900","$419,900",760,45,"$1,745.63",Freehold Strata,$316.38,"Pets Not Allowed, Rentals Not Allowed",CD
R2428179,# 1205 4160 SARDIS STREET,Burnaby,Central Park BS,1,1,Apartment,Upper Unit,2020-Jan-20,"$424,000","$424,900","$424,900",715,45,"$1,764.37",Freehold Strata,$275.79,"Pets Not Allowed, Rentals Not Allowed",STRATA
R2428333,# 1406 4160 SARDIS STREET,Burnaby,Central Park BS,2,1,Apartment,Corner Unit,2020-Jan-21,"$470,000","$479,000","$479,000",938,43,"$2,049.63",Freehold Strata,$357,"Pets Not Allowed, Rentals Not Allowed",CD
R2417528,# 507 5645 BARKER AVENUE,Burnaby,Central Park BS,2,2,Apartment,1 Storey,2020-Jan-22,"$485,000","$499,000","$499,000",947,45,"$1,975.75",Freehold Strata,$365,"Pets Not Allowed, Rentals Not Allowed",STRATA
R2425550,# 1601 5652 PATTERSON AVENUE,Burnaby,Central Park BS,2,1,Apartment,"1 Storey, Upper Unit",2020-Jan-01,"$540,000","$568,800","$568,800",918,39,"$2,112.04",Freehold Strata,$354.09,"Pets Not Allowed, Rentals Not Allowed",CDRM5
R2448891,# 2103 5652 PATTERSON AVENUE,Burnaby,Central Park BS,2,1,Apartment,Penthouse,2020-May-06,"$548,000","$575,000","$575,000","1,061",38,"$2,271",Freehold Strata,$422.51,"Pets Not Allowed, Rentals Not Allowed",CD
R2456638,# 301 5565 INMAN AVENUE,Burnaby,Central Park BS,1,1,Apartment,Corner Unit,2020-May-20,"$451,000","$435,000","$435,000",734,30,"$1,465.88",Freehold Strata,$261.77,"Pets Allowed with Restrictions, Rentals Not Allowed",CD
R2449470,# 210 5655 INMAN AVENUE,Burnaby,Central Park BS,1,1,Apartment,Inside Unit,2020-Apr-09,"$442,000","$448,000","$448,000",607,8,"$2,072.58",Freehold Strata,$195.85,"Pets Allowed with Restrictions, Rentals Allowed",CD
R2452076,# 208 3895 SANDELL STREET,Burnaby,Central Park BS,2,2,Apartment,Other,2020-May-08,"$598,000","$599,000","$599,000",929,13,"$2,474.03",Freehold Strata,$340.06,"Pets Allowed with Restrictions, Rentals Allowed with Restrictions",CD
R2465048,# 403 5667 SMITH AVENUE,Burnaby,Central Park BS,1,1,Apartment,"1 Storey, Upper Unit",2020-Jun-20,"$449,000","$449,000","$449,000",685,23,"$1,997.24",Freehold Strata,$242,"Pets Allowed with Restrictions, Rentals Allowed with Restrictions",CD
R2435189,# 105 5577 SMITH AVENUE,Burnaby,Central Park BS,1,1,Apartment,"Corner Unit, Ground Level Unit",2020-Feb-18,"$405,000","$399,000","$399,000",780,23,"$1,817.21",Freehold Strata,$303.50,"Pets Allowed with Restrictions, Rentals Allowed with Restrictions, Smoking Restrictions",APT
R2439212,# 1 3701 THURSTON STREET,Burnaby,Central Park BS,2,2,Townhouse,,2020-Mar-02,"$590,000","$548,000","$548,000","1,125",28,"$2,301.70",Freehold Strata,$276.51,"Pets Allowed with Restrictions, Rentals Not Allowed",CD
