listing,address,city,neighbourhood,beds,baths,property_type,unit_type,sold_date,sell_price,ask_price_final,ask_price_orig,sqft,age,property_tax,ownership_type,maintenance_fee,rules,zoning
R2448653,# 519 388 KOOTENAY STREET,Vancouver,Hastings Sunrise,2,1,Apartment,Upper Unit,2020-04-29,590000,599800,625800,802,5,1498.73,Freehold Strata,389.71,"Pets Allowed, Rentals Allowed",C2-C
R2444219,# 901 3740 ALBERT STREET,Burnaby,Vancouver Heights,2,1,Apartment,Upper Unit,2020-03-23,490000,525000,525000,877,36,2149.72,Freehold Strata,344.1,"Pets Not Allowed, Rentals Allowed with Restrictions",CD
R2451408,# 607 3760 ALBERT STREET,Burnaby,Vancouver Heights,1,1,Apartment,Inside Unit,2020-06-05,358500,374900,374900,704,37,1871.3,Freehold Strata,241.6,"Pets Not Allowed, Rentals Allowed with Restrictions",CD
R2452612,# 201 3740 ALBERT STREET,Burnaby,Vancouver Heights,2,1,Apartment,Inside Unit,2020-05-12,420000,429000,429000,876,36,1395.0,Freehold Strata,343.68,"Pets Not Allowed, Rentals Allowed with Restrictions",CD
R2436217,# 405 3760 ALBERT STREET,Burnaby,Vancouver Heights,2,1,Apartment,Inside Unit,2020-02-20,485000,499000,499000,864,38,2155.41,Freehold Strata,369.0,"Pets Not Allowed, Rentals Allowed with Restrictions",CD
R2463150,# 108 3709 PENDER STREET,Burnaby,Willingdon Heights,1,1,Apartment,1 Storey,2020-06-10,440000,439900,439900,780,26,2020.05,Freehold Strata,240.28,"Pets Allowed, Pets Allowed with Restrictions, Rentals Allowed with Restrictions",MF
R2431467,# 205 3709 PENDER STREET,Burnaby,Willingdon Heights,1,1,Townhouse,,2020-03-09,430000,448888,448888,730,26,1991.64,Freehold Strata,240.0,"Pets Allowed with Restrictions, Rentals Allowed with Restrictions",CD
R2443154,# 507 3920 HASTINGS STREET,Burnaby,Willingdon Heights,2,1,Apartment,Upper Unit,2020-03-21,572500,575000,575000,1147,34,2412.86,Freehold Strata,377.97,"Pets Not Allowed, Rentals Not Allowed",CD
R2450652,# 1106 3920 HASTINGS STREET,Burnaby,Willingdon Heights,2,1,Apartment,"Corner Unit, Upper Unit",2020-05-14,520000,559900,575000,989,34,2347.53,Freehold Strata,336.91,"Pets Not Allowed, Rentals Not Allowed",CD
R2453402,# 304 4307 HASTINGS STREET,Burnaby,Vancouver Heights,1,1,Apartment,1 Storey,2020-05-05,560000,569000,569000,624,5,2267.33,Freehold Strata,291.34,"Pets Allowed, Rentals Allowed",CD
R2418061,# 303 4307 HASTINGS STREET,Burnaby,Vancouver Heights,1,1,Apartment,1 Storey,2020-01-07,553000,588000,588000,624,5,2301.43,Freehold Strata,276.78,"Pets Allowed with Restrictions, Rentals Allowed",CD
R2441420,# 303 4477 HASTINGS STREET,Burnaby,Vancouver Heights,1,1,Apartment,1 Storey,2020-03-07,595900,595900,595900,727,0,,Freehold Strata,270.03,"Pets Allowed with Restrictions, Rentals Allowed",CD
R2441410,# 309 4477 HASTINGS STREET,Burnaby,Vancouver Heights,1,1,Apartment,1 Storey,2020-06-10,559900,559900,559900,722,0,,Freehold Strata,266.06,"Pets Allowed with Restrictions, Rentals Allowed",CD
R2443545,# 205 4710 HASTINGS STREET,Burnaby,Capitol Hill BN,1,1,Apartment,Inside Unit,2020-03-11,460000,469888,469888,563,8,1902.03,Freehold Strata,311.68,"Pets Allowed with Restrictions, Rentals Allowed",CD
R2438222,# 305 5335 E HASTINGS STREET,Burnaby,Capitol Hill BN,1,1,Apartment,Upper Unit,2020-03-03,376000,399900,399900,849,34,1773.97,Freehold Strata,326.27,"Pets Allowed with Restrictions, Pets Not Allowed",RM3
R2447868,# 310 5335 HASTINGS STREET,Burnaby,Capitol Hill BN,1,1,Apartment,"Inside Unit, Upper Unit",2020-04-25,330000,349999,349999,745,34,1688.44,Freehold Strata,286.57,"Pets Not Allowed, Rentals Allowed with Restrictions",RM3
R2387925,# 301 5450 EMPIRE DRIVE,Burnaby,Capitol Hill BN,1,1,Apartment,Inside Unit,2019-11-24,305000,320000,340000,642,45,1333.58,Freehold Strata,253.09,"Pets Allowed with Restrictions, Rentals Allowed with Restrictions",RM3
R2438463,# 307 5450 EMPIRE DRIVE,Burnaby,Capitol Hill BN,1,1,Apartment,"Penthouse, Upper Unit",2020-03-15,265000,319800,319800,622,44,1515.57,Freehold Strata,287.25,"Pets Allowed with Restrictions, Rentals Allowed with Restrictions",RM-3
R2439238,# 305 371 ELLESMERE AVENUE,Burnaby,Capitol Hill BN,2,2,Apartment,Corner Unit,2020-03-02,435000,435000,435000,881,47,1946.16,Freehold Strata,358.12,"Pets Allowed with Restrictions, Rentals Not Allowed",APT
R2445111,# 104 371 ELLESMERE AVENUE,Burnaby,Capitol Hill BN,2,2,Apartment,Corner Unit,2020-04-30,410000,429000,429000,901,47,1977.69,Freehold Strata,358.12,"Pets Allowed with Restrictions, Rentals Not Allowed",RM3
R2401694,# 82 5820 HASTINGS STREET,Burnaby,Capitol Hill BN,3,3,Apartment,End Unit,2020-05-17,387000,419900,419900,1039,55,,Undivided Interest,456.0,"Pets Not Allowed, Rentals Allowed",RM1
R2431842,# 24 5988 HASTINGS STREET,Burnaby,Capitol Hill BN,1,1,Apartment,1 Storey,2020-02-03,440000,439900,439900,730,26,2058.05,Freehold Strata,208.52,"Pets Allowed with Restrictions, Rentals Allowed with Restrictions",CD
R2450845,# 42 6965 HASTINGS STREET,Burnaby,Sperling-Duthie,2,2,Townhouse,,2020-05-18,555000,585000,599000,922,9,2386.52,Freehold Strata,309.78,"Pets Allowed with Restrictions, Rentals Allowed with Restrictions",RM3
R2455520,# 8 7110 BARNET ROAD,Burnaby,Westridge BN,3,2,Townhouse,,2020-06-01,568000,580000,580000,1123,32,2223.04,Freehold Strata,267.92,"Pets Allowed with Restrictions, Rentals Allowed with Restrictions",CD
R2457669,# 1102 1888 GILMORE AVENUE,Burnaby,Brentwood Park,1,1,Apartment,Upper Unit,2020-05-22,470000,479000,479000,482,0,,Freehold Strata,196.9,"Pets Allowed with Restrictions, Rentals Allowed",CDRM5
R2441310,# 802 4189 HALIFAX STREET,Burnaby,Brentwood Park,1,1,Apartment,Upper Unit,2020-03-15,554900,559900,559900,634,5,2301.73,Freehold Strata,217.98,"Pets Allowed with Restrictions, Rentals Allowed",CD
R2429892,# 504 4132 HALIFAX STREET,Burnaby,Brentwood Park,1,1,Apartment,Corner Unit,2020-01-25,539000,539000,539000,752,15,2174.27,Freehold Strata,276.96,"Pets Allowed with Restrictions, Rentals Allowed with Restrictions",CD
R2448185,# 1301 1888 GILMORE AVENUE,Burnaby,Brentwood Park,1,1,Apartment,"1 Storey, Corner Unit",2020-04-26,600000,618000,618000,618,0,,Freehold Strata,259.56,No Restrictions,CDRM5
R2451922,# 1302 1888 GILMORE AVENUE,Burnaby,Brentwood Park,1,1,Apartment,Corner Unit,2020-05-06,474000,498000,498000,482,0,,Freehold Strata,195.28,"Pets Allowed, Rentals Allowed",CDRM5
R2450922,# 2202 1888 GILMORE DRIVE,Burnaby,Brentwood Park,1,1,Apartment,Corner Unit,2020-05-02,478000,499900,499900,486,0,,Freehold Strata,196.9,"Pets Allowed with Restrictions, Rentals Allowed",CDRM5
R2448419,# 3302 1888 GILMORE AVENUE,Burnaby,Brentwood Park,1,1,Apartment,Upper Unit,2020-05-02,485000,499000,549000,486,0,,Freehold Strata,196.9,"Pets Allowed, Rentals Allowed",CDRM5
R2447864,# 3202 1888 GILMORE AVENUE,Burnaby,Brentwood Park,1,1,Apartment,Upper Unit,2020-04-21,485000,485000,539800,486,0,,Freehold Strata,196.9,"Pets Allowed, Rentals Allowed",CDRM5
R2448120,# 3702 1888 GILMORE AVENUE,Burnaby,Brentwood Park,0,1,Apartment,Upper Unit,2020-05-04,505000,535000,554800,490,0,,Freehold Strata,231.67,"Pets Allowed, Rentals Allowed",CDRM5
R2451533,# 806 4398 BUCHANAN STREET,Burnaby,Brentwood Park,2,1,Apartment,Corner Unit,2020-05-05,560000,599000,599000,843,19,2435.25,Freehold Strata,260.0,"Pets Allowed with Restrictions, Rentals Allowed with Restrictions",CD
R2439077,# 905 4353 HALIFAX STREET,Burnaby,Brentwood Park,2,1,Apartment,"Corner Unit, Upper Unit",2020-04-10,509000,505000,519000,940,37,2134.63,Freehold Strata,346.09,"Pets Not Allowed, Rentals Allowed",CD
R2427039,# 121 4373 HALIFAX STREET,Burnaby,Brentwood Park,1,1,Apartment,"End Unit, Inside Unit",2020-01-16,383888,399000,399000,696,38,1841.99,Freehold Strata,256.49,"Pets Not Allowed, Rentals Allowed",CD
R2421567,# 414 4373 HALIFAX STREET,Burnaby,Brentwood Park,1,1,Apartment,Upper Unit,2019-11-29,450000,460000,460000,717,38,1739.72,Freehold Strata,255.7,"Pets Not Allowed, Rentals Allowed",CD
R2432683,# 108 4363 HALIFAX STREET,Burnaby,Brentwood Park,2,1,Apartment,"Ground Level Unit, Inside Unit",2020-02-10,460000,419000,419000,887,37,2029.52,Freehold Strata,319.92,"Pets Not Allowed, Rentals Allowed",CD
R2436778,# 2203 4353 HALIFAX STREET,Burnaby,Brentwood Park,2,1,Apartment,Upper Unit,2020-03-04,508000,525000,525000,939,36,2225.55,Freehold Strata,346.09,"Pets Not Allowed, Rentals Allowed",APT
R2428604,# 3903 4510 HALIFAX WAY,Burnaby,Brentwood Park,1,1,Apartment,"1 Storey, Upper Unit",2020-01-15,588000,599000,599000,556,1,,Freehold Strata,297.53,"Pets Allowed with Restrictions, Rentals Allowed",CD
R2443483,# 1705 4485 SKYLINE DRIVE,Burnaby,Brentwood Park,1,1,Apartment,Upper Unit,2020-05-05,525000,545000,545000,539,3,2214.5,Freehold Strata,269.09,"Pets Allowed with Restrictions, Rentals Allowed",MIXED
R2427269,# 1306 2008 ROSSER AVENUE,Burnaby,Brentwood Park,1,1,Apartment,1 Storey,2020-01-16,575000,525000,525000,587,5,2361.79,Freehold Strata,334.46,"Pets Allowed with Restrictions, Rentals Allowed",CD-RM5
R2452639,# 806 2008 ROSSER AVENUE,Burnaby,Brentwood Park,1,1,Apartment,"1 Storey, Upper Unit",2020-06-10,575000,575000,575000,585,4,2290.77,Freehold Strata,334.46,"Pets Allowed with Restrictions, Rentals Allowed with Restrictions, Smoking Restrictions",CD
R2437677,# 303 2188 MADISON AVENUE,Burnaby,Brentwood Park,1,1,Apartment,"Inside Unit, Upper Unit",2020-03-17,590000,598000,608000,705,2,2417.03,Freehold Strata,265.0,"Pets Allowed with Restrictions, Rentals Allowed",APT
R2441951,# 1701 4182 DAWSON STREET,Burnaby,Brentwood Park,1,1,Apartment,Upper Unit,2020-03-21,534000,549000,549000,683,13,2307.36,Freehold Strata,275.99,"Pets Allowed with Restrictions, Rentals Allowed",CD
R2448566,# 507 4182 DAWSON STREET,Burnaby,Brentwood Park,1,1,Apartment,"Inside Unit, Upper Unit",2020-05-29,478000,489900,489900,683,13,2156.78,Freehold Strata,275.99,"Pets Allowed with Restrictions, Rentals Allowed",CD
R2443435,# 605 4118 DAWSON STREET,Burnaby,Brentwood Park,1,1,Apartment,Inside Unit,2020-03-16,560000,575000,575000,623,14,2106.35,Freehold Strata,246.22,"Pets Allowed with Restrictions, Rentals Allowed with Restrictions",CD
R2451423,# 306 4178 DAWSON STREET,Burnaby,Brentwood Park,1,1,Apartment,1 Storey,2020-04-28,494000,498000,498000,635,14,2080.79,Freehold Strata,246.22,"Pets Allowed with Restrictions, Rentals Allowed",CD
R2449972,# 1505 4178 DAWSON STREET,Burnaby,Brentwood Park,1,1,Apartment,Inside Unit,2020-04-16,543000,558000,558000,642,14,2205.8,Freehold Strata,246.22,"Pets Allowed with Restrictions, Rentals Allowed with Restrictions",CDRM5
R2433302,# 1805 4178 DAWSON STREET,Burnaby,Brentwood Park,1,1,Apartment,Upper Unit,2020-03-05,550000,559000,559000,623,14,2242.74,Freehold Strata,246.22,"Pets Allowed with Restrictions, Rentals Allowed with Restrictions",CD
R2424366,# 1307 4285-4295 DAWSON STREET,Burnaby,Brentwood Park,1,1,Apartment,Inside Unit,2020-01-11,558882,558882,558882,535,0,,Freehold Strata,256.8,"Pets Allowed with Restrictions, Rentals Allowed",CD1
R2433034,# 1410 4285-4295 DAWSON STREET,Burnaby,Brentwood Park,1,1,Apartment,"Corner Unit, Inside Unit",2020-02-10,547182,547182,547182,485,0,,Freehold Strata,232.8,"Pets Allowed with Restrictions, Rentals Allowed",CD1
R2427796,# 1610 4285-4295 DAWSON STREET,Burnaby,Brentwood Park,1,1,Apartment,"Corner Unit, Inside Unit",2020-01-11,550782,550782,550782,485,0,,Freehold Strata,232.8,"Pets Allowed with Restrictions, Rentals Allowed",CD1
R2429360,# 609 2388 MADISON AVENUE,Burnaby,Brentwood Park,1,1,Apartment,"1 Storey, Inside Unit",2020-02-20,595000,599800,619800,545,0,,Freehold Strata,195.0,"Pets Allowed, Rentals Allowed",APT
R2440340,# 1203 2388 MADISON AVENUE,Burnaby,Brentwood Park,1,1,Apartment,1 Storey,2020-05-16,560000,587000,587000,546,0,,Freehold Strata,223.97,"Pets Allowed with Restrictions, Rentals Allowed",CD
R2433111,# 1210 2388 MADISON AVENUE,Burnaby,Brentwood Park,1,1,Apartment,Upper Unit,2020-02-29,569000,599000,599000,550,0,1070.0,Freehold Strata,185.36,"Pets Allowed with Restrictions, Rentals Allowed",RM4
R2432325,# 1205 2388 MADISON AVENUE,Burnaby,Brentwood Park,1,1,Apartment,Upper Unit,2020-02-28,577500,595000,595000,545,0,1070.56,Freehold Strata,185.36,"Pets Allowed with Restrictions, Rentals Allowed",RM-4
R2431191,# 1103 2388 MADISON AVENUE,Burnaby,Brentwood Park,1,1,Apartment,Upper Unit,2020-01-25,576000,588800,588800,546,0,1070.56,Freehold Strata,185.36,"Pets Allowed with Restrictions, Rentals Allowed",RM-4
R2429393,# 1209 2388 MADISON AVENUE,Burnaby,Brentwood Park,1,1,Apartment,Upper Unit,2020-01-25,565000,599000,599000,550,0,1070.56,Freehold Strata,185.36,"Pets Allowed, Rentals Allowed",RM-4
R2430493,# 1102 2378 ALPHA AVENUE,Burnaby,Brentwood Park,1,1,Apartment,1 Storey,2020-02-04,532500,538000,538000,461,2,1894.62,Freehold Strata,216.73,"Pets Allowed, Rentals Allowed",CD
R2463311,# 1409 2378 ALPHA AVENUE,Burnaby,Brentwood Park,1,1,Apartment,Upper Unit,2020-06-14,538000,499888,499888,551,2,2130.43,Freehold Strata,292.55,"Pets Allowed with Restrictions, Rentals Allowed",CD
R2436062,# 2202 2378 ALPHA AVENUE,Burnaby,Brentwood Park,1,1,Apartment,Upper Unit,2020-02-15,515000,510000,510000,458,2,1982.69,Freehold Strata,222.0,No Restrictions,CD
R2430471,# 1407 2378 ALPHA AVENUE,Burnaby,Brentwood Park,1,1,Apartment,1 Storey,2020-01-25,515000,509999,509999,471,2,1948.6,Freehold Strata,221.5,No Restrictions,STRATA
R2454411,# 1109 2378 ALPHA AVENUE,Burnaby,Brentwood Park,1,1,Apartment,1 Storey,2020-06-15,529800,559000,559000,551,2,2104.86,Freehold Strata,292.54,"Pets Allowed with Restrictions, Rentals Allowed with Restrictions",CD
R2450882,# 308 2088 BETA AVENUE,Burnaby,Brentwood Park,2,2,Apartment,Inside Unit,2020-05-03,595000,599000,599000,807,10,2281.37,Freehold Strata,237.22,"Pets Allowed with Restrictions, Rentals Allowed",CD
R2446581,# 407 1945 WOODWAY PLACE,Burnaby,Brentwood Park,2,1,Apartment,Inside Unit,2020-04-08,460000,469900,469900,988,39,2069.73,Freehold Strata,414.44,"Pets Allowed with Restrictions, Rentals Allowed",STRATA
R2450549,# 601 2041 BELLWOOD AVENUE,Burnaby,Brentwood Park,2,1,Apartment,Inside Unit,2020-04-19,440000,449500,449500,858,37,1948.96,Freehold Strata,366.97,"Pets Allowed with Restrictions, Rentals Allowed with Restrictions",RM4
R2440857,# 1202 2232 DOUGLAS ROAD,Burnaby,Brentwood Park,1,1,Apartment,Upper Unit,2020-03-09,570000,548888,548888,621,8,2176.54,Freehold Strata,194.61,"Pets Allowed with Restrictions, Rentals Allowed",CD
R2447775,# 2101 2133 DOUGLAS ROAD,Burnaby,Brentwood Park,1,1,Apartment,Upper Unit,2020-05-08,530000,549900,549900,737,9,2375.71,Freehold Strata,239.15,"Pets Allowed, Rentals Allowed",RM5
R2441301,# 114 4728 BRENTWOOD DRIVE,Burnaby,Brentwood Park,1,1,Apartment,1 Storey,2020-03-06,508000,508000,508000,709,11,2348.0,Freehold Strata,229.73,"Pets Allowed with Restrictions, Rentals Allowed with Restrictions",CD
R2466349,# 317 4728 BRENTWOOD DRIVE,Burnaby,Brentwood Park,1,1,Apartment,Upper Unit,2020-06-19,495000,499900,499900,680,12,2147.12,Freehold Strata,215.37,"Pets Allowed with Restrictions, Rentals Allowed with Restrictions",CD
R2433003,# 120 4788 BRENTWOOD DRIVE,Burnaby,Brentwood Park,1,1,Apartment,Inside Unit,2020-02-17,498000,498000,498000,644,12,2258.23,Freehold Strata,215.37,"Pets Allowed with Restrictions, Rentals Allowed with Restrictions",CD
R2439357,# 210 4788 BRENTWOOD DRIVE,Burnaby,Brentwood Park,1,1,Apartment,1 Storey,2020-02-28,500000,508000,508000,706,12,2245.71,Freehold Strata,236.91,"Pets Allowed with Restrictions, Rentals Allowed",APT
R2428240,# 1501 4888 BRENTWOOD DRIVE,Burnaby,Brentwood Park,1,1,Apartment,Inside Unit,2020-01-18,539000,549000,549000,747,12,2248.0,Freehold Strata,253.39,"Pets Allowed with Restrictions, Rentals Allowed",CD
R2446450,# 407 4868 BRENTWOOD DRIVE,Burnaby,Brentwood Park,1,1,Apartment,Upper Unit,2020-03-21,496000,498800,498800,697,12,2162.86,Freehold Strata,236.0,"Pets Allowed, Rentals Allowed",CD
R2439506,# 318 1955 WOODWAY PLACE,Burnaby,Brentwood Park,2,1,Apartment,Upper Unit,2020-03-02,450000,429900,429900,944,42,2033.12,Freehold Strata,325.69,"Pets Not Allowed, Rentals Allowed",CD
R2460356,# 416 1955 WOODWAY PLACE,Burnaby,Brentwood Park,2,1,Apartment,"Corner Unit, Upper Unit",2020-06-08,416000,428000,428000,828,41,1966.09,Freehold Strata,283.72,"Pets Not Allowed, Rentals Allowed",CD
R2447266,# 1505 2060 BELLWOOD AVENUE,Burnaby,Brentwood Park,2,1,Apartment,"Corner Unit, End Unit",2020-03-30,528000,559900,559900,1089,38,2235.09,Freehold Strata,282.87,"Pets Not Allowed, Rentals Allowed with Restrictions, Smoking Restrictions",CD
R2461899,# 301 2060 BELLWOOD AVENUE,Burnaby,Brentwood Park,2,1,Apartment,1 Storey,2020-06-07,468000,475000,475000,1011,38,1899.84,Freehold Strata,265.4,"Pets Not Allowed, Rentals Allowed with Restrictions, Smoking Restrictions",CD
R2435420,# 305 2020 BELLWOOD AVENUE,Burnaby,Brentwood Park,1,1,Apartment,Upper Unit,2020-02-19,469000,459000,459000,1049,45,2004.95,Freehold Strata,303.03,"Pets Allowed with Restrictions, Rentals Allowed with Restrictions",CD
R2418107,# 306 2060 BELLWOOD AVENUE,Burnaby,Brentwood Park,2,1,Apartment,Corner Unit,2019-11-30,485000,498000,498000,969,38,2101.56,Freehold Strata,323.86,"Pets Allowed with Restrictions, Rentals Allowed with Restrictions",CD
R2452319,# 901 2060 BELLWOOD AVENUE,Burnaby,Brentwood Park,2,1,Apartment,"Inside Unit, Upper Unit",2020-05-11,490000,526000,526000,1020,38,2067.47,Freehold Strata,265.4,"Pets Not Allowed, Rentals Allowed with Restrictions",CD
R2443887,# 1203 2020 BELLWOOD AVENUE,Burnaby,Brentwood Park,2,1,Apartment,Inside Unit,2020-03-16,490000,499000,499000,1082,45,1959.51,Freehold Strata,273.91,"Pets Not Allowed, Rentals Allowed with Restrictions",CD
R2426993,# 1602 2060 BELLWOOD AVENUE,Burnaby,Brentwood Park,2,1,Apartment,Upper Unit,2020-01-18,501000,499000,499000,1263,38,2172.58,Freehold Strata,282.87,"Pets Not Allowed, Rentals Allowed with Restrictions, Other",CDRM5
R2442694,5626 BROADWAY,Burnaby,Parkcrest,2,1,Townhouse,,2020-03-12,366000,360000,360000,953,50,1827.36,Freehold Strata,207.37,"Pets Allowed with Restrictions, Rentals Allowed with Restrictions",RM1
R2462649,# 404 5460 BROADWAY,Burnaby,Parkcrest,1,1,Apartment,Upper Unit,2020-06-11,570000,573800,573800,648,2,2317.44,Freehold Strata,260.97,"Pets Allowed with Restrictions, Rentals Allowed",CDRM3S
R2458352,# 219 5460 BROADWAY,Burnaby,Parkcrest,1,1,Apartment,Inside Unit,2020-05-31,537000,549000,549000,640,2,1748.85,Freehold Strata,260.0,No Restrictions,CD/RM3
R2441518,# 307 1802 DUTHIE AVENUE,Burnaby,Montecito,1,1,Apartment,End Unit,2020-03-09,351000,359900,359900,721,27,1668.2,Freehold Strata,304.43,"Age Restrictions, Rentals Not Allowed, 55+",CD
R2425615,1934 GOLETA DRIVE,Burnaby,Montecito,3,2,Townhouse,,2020-01-12,573000,594900,594900,1248,47,2420.26,Freehold Strata,378.1,"Pets Allowed with Restrictions, Rentals Allowed with Restrictions",CD
R2435701,# 302 1750 AUGUSTA AVENUE,Burnaby,Simon Fraser Univer.,1,1,Apartment,"Corner Unit, Penthouse",2020-02-27,442000,468000,468000,745,35,1870.82,Freehold Strata,284.33,"Pets Allowed with Restrictions, Rentals Allowed",CD
R2402833,# 6 7305 MONTECITO DRIVE,Burnaby,Montecito,3,3,Townhouse,,2020-02-22,585000,599999,599999,1405,48,2294.19,Freehold Strata,377.0,"Pets Allowed with Restrictions, Rentals Allowed with Restrictions",CD
R2429044,# 3 7331 MONTECITO DRIVE,Burnaby,Montecito,2,2,Townhouse,,2020-01-20,489000,499900,499900,1240,51,2095.88,Freehold Strata,377.0,"Pets Allowed with Restrictions, Rentals Allowed with Restrictions",CD
R2358196,# 1006 7321 HALIFAX STREET,Burnaby,Simon Fraser Univer.,2,2,Apartment,Upper Unit,2020-01-07,493000,529000,558000,935,33,1775.31,Freehold Strata,272.18,"Pets Not Allowed, Rentals Allowed with Restrictions",CD
R2447885,# 1505 7321 HALIFAX STREET,Burnaby,Simon Fraser Univer.,2,2,Apartment,Corner Unit,2020-05-31,490000,549000,549000,976,33,2334.53,Freehold Strata,285.11,"Pets Not Allowed, Rentals Allowed with Restrictions",CD
R2456364,# 1003 6088 WILLINGDON AVENUE,Burnaby,Metrotown,1,1,Apartment,1 Storey,2020-06-17,474000,490000,490000,769,21,,Freehold Strata,248.95,"Pets Allowed with Restrictions, Rentals Allowed with Restrictions",CD
R2425470,# 217 3770 MANOR STREET,Burnaby,Central BN,1,1,Apartment,"Inside Unit, Upper Unit",2019-12-30,399000,399900,399900,690,29,1962.62,Freehold Strata,256.63,"Pets Allowed with Restrictions, Rentals Allowed with Restrictions",CD
R2456802,# 102 3888 NORFOLK STREET,Burnaby,Central BN,1,1,Townhouse,,2020-05-20,445000,449000,449000,635,8,1369.62,Freehold Strata,162.16,"Pets Allowed, Rentals Allowed",RM3
R2433073,# 104 3883 LAUREL STREET,Burnaby,Burnaby Hospital,1,1,Apartment,"1 Storey, Inside Unit",2020-02-28,290000,324999,324999,707,37,1451.54,Freehold Strata,219.87,"Pets Allowed with Restrictions, Rentals Not Allowed",STRATA
R2418331,# 205 3970 LINWOOD STREET,Burnaby,Burnaby Hospital,2,1,Apartment,Other,2020-01-10,480000,529000,559000,945,31,2205.08,Freehold Strata,343.55,"Pets Allowed, Rentals Not Allowed",CD
R2448144,# 408 3183 ESMOND AVENUE,Burnaby,Central BN,2,2,Apartment,Upper Unit,2020-06-09,535000,558000,558000,953,25,2281.31,Freehold Strata,456.1,"Pets Allowed with Restrictions, Rentals Allowed",CD
R2417618,# 106 3738 NORFOLK STREET,Burnaby,Central BN,1,1,Apartment,Corner Unit,2020-01-03,395000,419000,419000,780,27,2002.88,Freehold Strata,335.53,"Pets Allowed with Restrictions, Rentals Allowed with Restrictions",CD
R2441291,# 104 3733 NORFOLK STREET,Burnaby,Central BN,1,1,Apartment,"End Unit, Ground Level Unit",2020-03-07,399800,399800,399800,686,26,1875.04,Freehold Strata,302.97,"Pets Allowed with Restrictions, Rentals Allowed",CD
R2441899,4274 GARDEN GROVE DRIVE,Burnaby,Greentree Village,2,2,Townhouse,,2020-03-11,571000,535000,535000,938,45,2228.88,Freehold Strata,320.63,"Pets Allowed with Restrictions, Rentals Allowed with Restrictions",RM
R2439137,4368 GARDEN GROVE DRIVE,Burnaby,Greentree Village,2,1,Townhouse,,2020-04-27,490000,499900,509999,911,43,2212.97,Freehold Strata,327.75,"Pets Allowed with Restrictions, Rentals Allowed with Restrictions",CD
R2426375,# 408 6820 RUMBLE STREET,Burnaby,South Slope,1,1,Apartment,"1 Storey, Upper Unit",2020-01-13,422000,439900,439900,730,28,1814.0,Freehold Strata,308.85,"Pets Allowed with Restrictions, Rentals Allowed with Restrictions",CD
R2418430,# 102 6939 GILLEY AVENUE,Burnaby,Highgate,2,2,Apartment,Ground Level Unit,2020-01-10,482000,489000,489000,887,30,1415.15,Freehold Strata,375.39,"Pets Allowed with Restrictions, Rentals Not Allowed",CD
R2442775,# 222 6105 KINGSWAY,Burnaby,Highgate,2,1,Apartment,"1 Storey, Corner Unit",2020-04-05,460000,499900,499900,902,36,1898.93,Freehold Strata,285.33,"Pets Allowed with Restrictions, Rentals Allowed with Restrictions",RM3
R2446770,# 120 6105 KINGSWAY,Burnaby,Highgate,2,1,Apartment,Ground Level Unit,2020-03-31,355000,369000,369000,857,36,1902.61,Freehold Strata,239.74,"Pets Allowed with Restrictions, Rentals Allowed with Restrictions",RM3
R2430542,# 305 6105 KINGSWAY,Burnaby,Highgate,2,1,Apartment,1 Storey,2020-02-03,394500,399000,399000,905,36,239.74,Freehold Strata,290.52,"Pets Allowed with Restrictions, Rentals Allowed with Restrictions",RM3
R2438097,# 201 6105 KINGSWAY,Burnaby,Highgate,2,1,Apartment,"3 Storey, Inside Unit",2020-03-16,398000,418000,418000,887,36,1868.8,Freehold Strata,279.12,"Pets Allowed with Restrictions, Rentals Allowed with Restrictions",RM3
R2425341,# PH21 6283 KINGSWAY,Burnaby,Highgate,2,2,Apartment,"Penthouse, Upper Unit",2020-01-13,572900,579000,579000,743,2,2371.01,Freehold Strata,278.98,"Pets Allowed with Restrictions, Rentals Allowed",STRATA
R2447133,# PH27 6283 KINGSWAY,Burnaby,Highgate,1,1,Apartment,"1 Storey, Corner Unit",2020-06-12,460000,489000,518000,618,2,2132.35,Freehold Strata,319.39,"Pets Allowed with Restrictions, Rentals Allowed",STRATA
R2433241,# 233 6283 KINGSWAY,Burnaby,Highgate,1,1,Apartment,1 Storey,2020-02-12,460000,498000,498000,591,2,2075.53,Freehold Strata,222.37,"Pets Allowed with Restrictions, Rentals Allowed",MF
R2424302,# PH30 6283 KINGSWAY,Burnaby,Highgate,1,1,Apartment,1 Storey,2020-02-08,477500,519000,519000,591,2,2143.71,Freehold Strata,222.37,"Pets Allowed with Restrictions, Rentals Allowed",APT
R2443381,# 303 6283 KINGSWAY,Burnaby,Highgate,1,1,Apartment,1 Storey,2020-03-18,488000,508000,508000,598,2,2095.0,First Nations Lease,313.0,"Pets Allowed with Restrictions, Rentals Allowed",MF
R2426437,# 101 6283 KINGSWAY,Burnaby,Highgate,1,1,Apartment,"1 Storey, Ground Level Unit",2020-01-22,525000,525000,545000,720,2,2342.6,Freehold Strata,266.85,Rentals Allowed with Restrictions,STRATA
R2450649,# 801 6611 SOUTHOAKS CRESCENT,Burnaby,Highgate,1,1,Apartment,"Corner Unit, Upper Unit",2020-06-02,504000,515000,515000,755,20,2170.84,Freehold Strata,266.16,"Rentals Allowed with Restrictions, Rentals Not Allowed, Smoking Restrictions",CD
R2431343,# 2302 6688 ARCOLA STREET,Burnaby,Highgate,2,2,Apartment,Upper Unit,2020-02-03,599000,599000,599000,744,9,1734.61,Freehold Strata,231.2,"Pets Allowed with Restrictions, Rentals Allowed with Restrictions",RMS
R2430418,# 105 6930 BALMORAL STREET,Burnaby,Highgate,1,1,Apartment,"Corner Unit, Ground Level Unit",2020-01-29,467000,469900,469900,774,25,2067.52,Freehold Strata,252.6,"Pets Allowed with Restrictions, Rentals Allowed with Restrictions",RM2
R2444652,7430 HAWTHORNE TERRACE,Burnaby,Highgate,2,2,Townhouse,,2020-04-11,584000,599000,622000,915,21,2477.98,Freehold Strata,269.02,"Pets Allowed, Rentals Allowed with Restrictions","CD,RM3"
R2436081,# 303 7383 GRIFFITHS DRIVE,Burnaby,Highgate,1,1,Apartment,Upper Unit,2020-02-17,445000,449900,449900,721,20,1937.33,Freehold Strata,299.0,"Pets Allowed with Restrictions, Rentals Not Allowed",CD
R2447150,# 205 7383 GRIFFITHS DRIVE,Burnaby,Highgate,1,1,Apartment,"End Unit, Upper Unit",2020-04-19,425000,438000,449000,732,20,1985.62,Freehold Strata,302.0,"Pets Allowed with Restrictions, Rentals Allowed with Restrictions",CD
R2451404,# 117 7055 WILMA STREET,Burnaby,Highgate,1,1,Apartment,Ground Level Unit,2020-04-23,395000,399900,399900,745,42,1740.52,Freehold Strata,331.87,"Pets Allowed with Restrictions, Rentals Allowed with Restrictions",RM3
R2456940,# 410 7151 EDMONDS STREET,Burnaby,Highgate,1,1,Apartment,"Corner Unit, Upper Unit",2020-05-24,450000,399000,399000,922,43,1692.0,Freehold Strata,299.46,"Pets Allowed with Restrictions, Rentals Not Allowed",RM-3
R2455403,# 103 7275 SALISBURY AVENUE,Burnaby,Highgate,2,1,Apartment,Ground Level Unit,2020-05-17,437000,448000,448000,748,39,1755.51,Freehold Strata,284.39,"Pets Allowed with Restrictions, Rentals Allowed with Restrictions",CD
R2437120,# 108 7139 18TH AVENUE,Burnaby,Edmonds BE,1,1,Apartment,Corner Unit,2020-02-29,475000,488800,488800,921,26,2116.92,Freehold Strata,319.31,"Pets Allowed with Restrictions, Rentals Not Allowed",CD
R2420346,# 302 7139 18TH AVENUE,Burnaby,Edmonds BE,1,1,Apartment,"Inside Unit, Upper Unit",2019-12-02,454500,475000,475000,832,26,2031.97,Freehold Strata,271.8,"Pets Allowed with Restrictions, Rentals Not Allowed",CD
R2400922,# 7 7077 BERESFORD STREET,Burnaby,Highgate,2,2,Townhouse,,2020-01-22,550000,579000,618000,982,25,2247.32,Freehold Strata,291.54,"Pets Allowed with Restrictions, Rentals Allowed with Restrictions",CD
R2446053,# 303 7077 BERESFORD STREET,Burnaby,Highgate,2,2,Apartment,"Corner Unit, Upper Unit",2020-03-21,544800,548900,548900,907,24,2153.44,Freehold Strata,269.18,No Restrictions,STRATA
R2445324,# 703 7077 BERESFORD STREET,Burnaby,Highgate,2,2,Apartment,Other,2020-03-24,548500,554800,554800,906,24,2198.9,Freehold Strata,269.18,"Pets Allowed with Restrictions, Rentals Allowed with Restrictions",RES
R2447099,# 501 7225 ACORN AVENUE,Burnaby,Highgate,2,2,Apartment,"Corner Unit, Upper Unit",2020-03-28,565000,574800,574800,803,11,2328.45,Freehold Strata,254.14,"Pets Allowed with Restrictions, Rentals Allowed",MULTI
R2397469,# 1007 7225 ACORN AVENUE,Burnaby,Highgate,2,2,Apartment,1 Storey,2020-01-09,558000,575000,615000,772,11,1607.16,Freehold Strata,239.94,"Pets Allowed, Rentals Allowed",STRATA
R2437956,# 305 7225 ACORN AVENUE,Burnaby,Highgate,2,2,Apartment,Corner Unit,2020-02-26,560000,568000,568000,797,11,2302.85,Freehold Strata,254.15,Pets Allowed with Restrictions,CD
R2437506,# 502 7171 BERESFORD STREET,Burnaby,Highgate,2,2,Apartment,1 Storey,2020-03-04,491800,510000,510000,916,44,1953.95,Freehold Strata,357.69,"Pets Allowed with Restrictions, Rentals Allowed",STRATA
R2429094,# 201 7171 BERESFORD STREET,Burnaby,Highgate,2,2,Apartment,Corner Unit,2020-01-20,456000,399900,399900,883,44,1854.51,Freehold Strata,356.44,Rentals Allowed,CDRM5
R2441871,# 604 7171 BERESFORD STREET,Burnaby,Highgate,2,2,Apartment,"Corner Unit, Upper Unit",2020-03-06,490000,518000,518000,898,44,1931.23,Freehold Strata,357.69,"Pets Allowed with Restrictions, Rentals Allowed",MF
R2435313,# 20 7503 18TH STREET,Burnaby,Edmonds BE,2,2,Apartment,"Corner Unit, Ground Level Unit",2020-02-18,561000,548888,548888,890,15,2374.79,Freehold Strata,187.52,"Pets Allowed with Restrictions, Rentals Allowed",CD
R2433185,# 324 7058 14TH AVENUE,Burnaby,Edmonds BE,1,1,Apartment,Upper Unit,2020-02-07,475000,475000,475000,628,5,2105.69,Freehold Strata,205.01,"Pets Allowed with Restrictions, Rentals Allowed with Restrictions",CONDO
R2458397,# 308B 7025 STRIDE AVENUE,Burnaby,Edmonds BE,2,2,Apartment,"Corner Unit, End Unit",2020-06-07,505000,499900,499900,878,28,2095.4,Freehold Strata,220.0,"Pets Allowed with Restrictions, Rentals Allowed",STRATA
R2395232,# 22 7128 STRIDE AVENUE,Burnaby,Edmonds BE,2,2,Townhouse,,2020-04-21,590000,598999,638000,1036,17,2417.23,Freehold Strata,327.91,"Pets Allowed with Restrictions, Rentals Allowed","CD,RM2"
R2407450,# 222 7133 14TH AVENUE,Burnaby,Edmonds BE,2,2,Apartment,Inside Unit,2020-01-06,599900,599900,599900,809,0,,Freehold Strata,254.95,"Pets Allowed with Restrictions, Rentals Allowed with Restrictions",RM4
R2429036,# 22 7184 STRIDE AVENUE,Burnaby,Edmonds BE,3,2,Townhouse,,2020-02-13,596800,639000,639000,1183,28,2608.48,Freehold Strata,292.15,"Pets Allowed, Rentals Allowed with Restrictions",RES
R2432278,# 17 7184 STRIDE AVENUE,Burnaby,Edmonds BE,2,1,Townhouse,,2020-02-11,508000,510000,510000,900,28,2312.99,Freehold Strata,234.09,"Pets Allowed with Restrictions, Rentals Allowed with Restrictions",TOWNHO
R2450864,# 415 6735 STATION HILL COURT,Burnaby,South Slope,1,1,Apartment,"Penthouse, Upper Unit",2020-04-26,398000,399000,399000,744,29,1923.06,Freehold Strata,276.63,"Pets Allowed with Restrictions, Rentals Not Allowed",STRATA
R2447176,# 5 7345 SANDBORNE AVENUE,Burnaby,South Slope,2,3,Townhouse,,2020-03-25,560000,549000,549000,1229,28,2418.28,Freehold Strata,369.96,"Pets Allowed, Rentals Allowed with Restrictions",CD
R2445660,# 404 6745 STATION HILL COURT,Burnaby,South Slope,1,1,Apartment,Upper Unit,2020-06-20,445000,449000,489000,707,26,1938.65,Freehold Strata,207.33,"Pets Allowed with Restrictions, Rentals Not Allowed",CD RM3
R2457751,# 217 6707 SOUTHPOINT DRIVE,Burnaby,South Slope,2,2,Apartment,1 Storey,2020-06-09,507500,538000,538000,982,30,2422.36,Freehold Strata,392.0,"Pets Allowed with Restrictions, Rentals Allowed with Restrictions",CD
R2432044,# 403 6833 STATION HILL DRIVE,Burnaby,South Slope,2,2,Apartment,Corner Unit,2020-02-13,588000,608000,608000,855,16,2396.23,Freehold Strata,342.97,"Pets Allowed with Restrictions, Rentals Allowed with Restrictions",CD
R2419286,# 1506 6837 STATION HILL DRIVE,Burnaby,South Slope,2,2,Apartment,Corner Unit,2020-02-20,600000,628000,628000,820,21,2312.36,Freehold Strata,360.0,"Pets Allowed with Restrictions, Rentals Not Allowed",APT
R2427352,# 1101 6837 STATION HILL DRIVE,Burnaby,South Slope,2,2,Apartment,1 Storey,2020-02-17,588000,610000,628000,913,20,2366.36,Freehold Strata,444.0,"Pets Allowed with Restrictions, Rentals Not Allowed",STRATA
R2429885,# 403 7465 SANDBORNE AVENUE,Burnaby,South Slope,1,1,Apartment,"Corner Unit, Penthouse",2020-01-28,500000,508000,508000,770,30,2099.53,Freehold Strata,314.84,"Pets Allowed with Restrictions, Rentals Allowed with Restrictions",CD
R2443093,# 304 7465 SANDBORNE AVENUE,Burnaby,South Slope,1,1,Apartment,1 Storey,2020-03-16,430000,425000,425000,754,30,1972.81,Freehold Strata,305.84,"Pets Allowed with Restrictions, Rentals Allowed with Restrictions",CD
R2466634,# 110 7418 BYRNEPARK WALK,Burnaby,South Slope,2,2,Apartment,"Corner Unit, Ground Level Unit",2020-06-20,598000,598000,598000,792,9,2418.78,Freehold Strata,273.76,"Pets Allowed with Restrictions, Rentals Allowed",CD
R2426563,# 508 7478 BYRNEPARK WALK,Burnaby,South Slope,1,1,Apartment,Upper Unit,2020-02-02,465000,475000,475000,616,11,2111.95,Freehold Strata,210.87,"Pets Allowed with Restrictions, Rentals Allowed with Restrictions, Smoking Restrictions",CD
R2456731,# 417 7478 BYRNEPARK WALK,Burnaby,South Slope,2,2,Apartment,"1 Storey, Penthouse",2020-05-21,574000,574800,574800,796,11,1726.24,Freehold Strata,267.0,"Pets Allowed with Restrictions, Rentals Allowed",CD
R2426034,# 1001 7388 SANDBORNE AVENUE,Burnaby,South Slope,2,2,Apartment,1 Storey,2020-01-20,598000,629000,629000,842,18,2462.0,Freehold Strata,337.64,"Pets Allowed with Restrictions, Rentals Allowed with Restrictions",CD
R2423881,# 904 7388 SANDBORNE AVENUE,Burnaby,South Slope,2,2,Apartment,1 Storey,2020-01-13,515000,530000,530000,710,18,2203.51,Freehold Strata,299.0,"Pets Allowed with Restrictions, Rentals Allowed with Restrictions",MF
R2396334,# 1104 7368 SANDBORNE AVENUE,Burnaby,South Slope,2,2,Apartment,Upper Unit,2020-02-20,568000,618888,618888,706,18,2030.4,Freehold Strata,264.0,"Pets Allowed, Rentals Allowed with Restrictions",APT
R2439068,# 505 7388 SANDBORNE AVENUE,Burnaby,South Slope,2,2,Apartment,Corner Unit,2020-03-05,585000,599000,599000,842,18,2388.17,Freehold Strata,369.9,"Pets Allowed with Restrictions, Rentals Allowed with Restrictions",CD
R2433825,# 707 7368 SANDBORNE AVENUE,Burnaby,South Slope,2,2,Apartment,Corner Unit,2020-02-21,588500,598000,598000,812,18,2371.0,Freehold Strata,355.67,"Pets Allowed, Rentals Allowed with Restrictions",APT
R2444867,# 907 7368 SANDBORNE AVENUE,Burnaby,South Slope,2,2,Apartment,"Corner Unit, Upper Unit",2020-03-22,592000,599000,599000,841,29,2396.7,Freehold Strata,355.67,"Pets Allowed with Restrictions, Rentals Allowed with Restrictions, Smoking Restrictions",CD
R2449182,# 113 9584 MANCHESTER DRIVE,Burnaby,Cariboo,2,1,Apartment,Ground Level Unit,2020-05-26,404000,419000,419000,889,39,1936.6,Freehold Strata,435.73,"Pets Allowed with Restrictions, Rentals Allowed",CD
R2424256,# 1203 3771 BARTLETT COURT,Burnaby,Sullivan Heights,1,1,Apartment,Corner Unit,2020-01-20,340000,360000,360000,673,43,1759.01,Freehold Strata,351.14,"Pets Allowed with Restrictions, Rentals Not Allowed",RM5
R2437245,8867 HORNE STREET,Burnaby,Government Road,3,3,Townhouse,,2020-03-14,560000,570000,570000,1422,45,2318.61,Freehold Strata,498.87,"Pets Allowed with Restrictions, Rentals Not Allowed",RM1
R2428796,# 227 9061 HORNE STREET,Burnaby,Government Road,2,2,Townhouse,,2020-01-21,595000,574999,574999,1335,45,2426.46,Freehold Strata,290.53,"Pets Allowed with Restrictions, Rentals Allowed with Restrictions",CD
R2465888,# 211 3399 NOEL DRIVE,Burnaby,Sullivan Heights,1,1,Apartment,Inside Unit,2020-06-18,511000,528000,528000,685,3,2167.92,Freehold Strata,244.41,"Pets Allowed with Restrictions, Rentals Allowed with Restrictions",RM2
R2445097,# 214 3420 BELL AVENUE,Burnaby,Sullivan Heights,1,1,Apartment,1 Storey,2020-05-12,395000,408000,408000,678,38,1757.95,Freehold Strata,273.62,"Pets Allowed with Restrictions, Rentals Allowed",RM3
R2437759,# 204 9880 MANCHESTER DRIVE,Burnaby,Cariboo,2,1,Apartment,Other,2020-02-23,427000,428000,428000,896,39,1171.0,Freehold Strata,312.1,"Pets Allowed with Restrictions, Rentals Allowed with Restrictions",CD RM3
R2449731,# 508 9890 MANCHESTER DRIVE,Burnaby,Cariboo,2,1,Apartment,End Unit,2020-06-09,415000,415000,415000,886,40,1788.82,Freehold Strata,310.21,"Pets Allowed with Restrictions, Rentals Allowed with Restrictions",CD
R2438482,# 212 9880 MANCHESTER DRIVE,Burnaby,Cariboo,2,1,Apartment,Ground Level Unit,2020-03-07,373000,399000,399000,876,38,1721.77,Freehold Strata,306.0,"Pets Allowed with Restrictions, Rentals Allowed with Restrictions",CD
R2441244,# 1401 9603 MANCHESTER DRIVE,Burnaby,Cariboo,2,2,Apartment,5 Plus Level,2020-06-08,470000,529000,529000,857,25,1504.6,Freehold NonStrata,259.09,"Pets Allowed with Restrictions, Rentals Allowed",STRATA
R2436408,# 1208 9633 MANCHESTER DRIVE,Burnaby,Cariboo,2,2,Apartment,Upper Unit,2020-02-17,525000,519000,519000,938,26,1628.93,Freehold Strata,283.51,"Pets Allowed with Restrictions, Rentals Allowed",STRATA
R2448723,# 1307 9623 MANCHESTER DRIVE,Burnaby,Cariboo,2,2,Apartment,1 Storey,2020-06-09,488000,499000,499000,800,25,2077.79,Freehold Strata,241.84,"Pets Allowed with Restrictions, Rentals Allowed",CD
R2451268,# 422 9847 MANCHESTER DRIVE,Burnaby,Cariboo,2,1,Apartment,Penthouse,2020-05-27,410000,419000,439000,864,40,1861.8,Freehold Strata,385.0,"Pets Allowed with Restrictions, Rentals Allowed",RM3
R2449324,# 202 9867 MANCHESTER DRIVE,Burnaby,Cariboo,1,1,Apartment,"Ground Level Unit, Inside Unit",2020-04-29,340000,350000,359800,662,40,1599.69,Freehold Strata,294.13,"Pets Allowed with Restrictions, Rentals Allowed",CD
R2419502,# 308 9867 MANCHESTER DRIVE,Burnaby,Cariboo,1,1,Apartment,Inside Unit,2020-01-27,360000,368000,368000,660,40,1616.47,Freehold Strata,293.18,"Pets Allowed with Restrictions, Rentals Allowed",CD-APT
R2445859,# 316 9857 MANCHESTER DRIVE,Burnaby,Cariboo,2,1,Apartment,Corner Unit,2020-03-19,365000,368000,368000,733,39,1686.23,Freehold Strata,325.7,"Pets Allowed with Restrictions, Rentals Allowed",CD
R2427186,# 225 9847 MANCHESTER DRIVE,Burnaby,Cariboo,2,1,Apartment,"End Unit, Ground Level Unit",2020-01-19,400000,429000,429000,767,40,1139.72,Freehold Strata,341.0,"Pets Allowed with Restrictions, Rentals Allowed",CD RM3
R2456019,# 227 9847 MANCHESTER DRIVE,Burnaby,Cariboo,2,1,Apartment,1 Storey,2020-05-18,400500,373000,373000,878,40,1905.84,Freehold Strata,382.61,"Pets Allowed with Restrictions, Rentals Allowed",CD
R2431318,# 107 9233 GOVERNMENT STREET,Burnaby,Government Road,2,2,Apartment,1 Storey,2020-02-03,530000,498000,498000,868,13,2279.24,Freehold Strata,360.43,"Pets Allowed with Restrictions, Rentals Allowed",CD
R2465545,# 216 9283 GOVERNMENT STREET,Burnaby,Government Road,1,1,Apartment,"1 Storey, Inside Unit",2020-06-20,465000,468000,468000,783,13,2120.14,Freehold Strata,348.86,"Pets Allowed with Restrictions, Rentals Allowed",CD1
R2465545,# 216 9283 GOVERNMENT STREET,Burnaby,Government Road,1,1,Apartment,"1 Storey, Inside Unit",2020-06-20,465000,468000,468000,783,13,2120.14,Freehold Strata,348.86,"Pets Allowed with Restrictions, Rentals Allowed",CD1
R2430139,# 218 9098 HALSTON COURT,Burnaby,Government Road,2,2,Apartment,1 Storey,2020-02-04,525000,524900,524900,866,13,2313.35,Freehold Strata,360.43,"Pets Allowed with Restrictions, Rentals Allowed",CD
R2419111,# 1 9521 CARDSTON COURT,Burnaby,Government Road,3,2,Townhouse,,2019-12-15,515000,539900,539900,1192,37,2323.11,Freehold Strata,452.24,"Pets Not Allowed, Rentals Allowed",RM5
R2428843,# 1105 9521 CARDSTON COURT,Burnaby,Government Road,1,1,Apartment,"1 Storey, Upper Unit",2020-01-19,395000,409000,409000,776,37,1874.21,Freehold Strata,299.77,"Pets Not Allowed, Rentals Allowed",M/F
R2436365,# 303 9521 CARDSTON COURT,Burnaby,Government Road,2,2,Apartment,Corner Unit,2020-02-29,430000,438888,438888,880,37,1814.55,Freehold Strata,396.83,"Pets Not Allowed, Rentals Allowed",CD
R2427851,# 403 9521 CARDSTON COURT,Burnaby,Government Road,2,2,Apartment,"1 Storey, Inside Unit",2020-02-19,436000,439900,459900,878,36,1211.8,Freehold Strata,396.83,Rentals Allowed,RES
R2426809,# 308 9521 CARDSTON COURT,Burnaby,Government Road,2,2,Apartment,Inside Unit,2020-01-22,447500,449900,469900,855,36,1902.64,Freehold Strata,416.74,"Pets Not Allowed, Rentals Allowed",CD
R2445961,# 807 9521 CARDSTON COURT,Burnaby,Government Road,2,2,Apartment,Upper Unit,2020-06-04,450000,475800,488000,874,37,1859.99,Freehold Strata,396.82,"Pets Not Allowed, Rentals Allowed",CD
R2447098,# T6901 3980 CARRIGAN COURT,Burnaby,Government Road,3,2,Townhouse,,2020-06-10,585000,599800,649800,1443,35,2879.64,Freehold Strata,681.95,"Pets Allowed with Restrictions, Rentals Allowed",CD
R2464555,# 1504 3980 CARRIGAN COURT,Burnaby,Government Road,1,1,Apartment,Inside Unit,2020-06-13,413000,420000,420000,821,35,1905.17,Freehold Strata,368.18,"Pets Not Allowed, Rentals Allowed",CD
R2465942,# 1804 3980 CARRIGAN COURT,Burnaby,Government Road,1,1,Apartment,Inside Unit,2020-06-22,460000,483900,483900,779,35,1930.73,Freehold Strata,368.18,"Pets Not Allowed, Rentals Allowed, Smoking Restrictions",CD
R2434398,# 607 3980 CARRIGAN COURT,Burnaby,Government Road,2,2,Apartment,Upper Unit,2020-02-23,460000,459000,459000,920,35,1976.18,Freehold Strata,291.2,"Pets Not Allowed, Rentals Allowed",RM
R2428569,# 1702 3980 CARRIGAN COURT,Burnaby,Government Road,2,2,Apartment,"1 Storey, Upper Unit",2020-01-22,495000,499900,499900,910,35,2169.37,Freehold Strata,287.81,"Pets Not Allowed, Rentals Allowed",APT
R2440583,# 301 3911 CARRIGAN COURT,Burnaby,Government Road,2,2,Apartment,Upper Unit,2020-03-10,480500,485000,485000,1224,48,1448.84,Freehold Strata,605.95,"Pets Allowed with Restrictions, Rentals Not Allowed",MULTI
R2442809,# 207 3911 CARRIGAN COURT,Burnaby,Government Road,1,1,Apartment,Inside Unit,2020-03-12,305000,309000,309000,682,48,1592.18,Freehold Strata,314.9,"Pets Allowed with Restrictions, Rentals Not Allowed","CD,RM3"
R2441002,# 214 3911 CARRIGAN COURT,Burnaby,Government Road,2,1,Apartment,1 Storey,2020-05-29,410000,419900,419900,929,48,1248.0,Freehold Strata,438.96,"Pets Allowed with Restrictions, Rentals Not Allowed",CD
R2436091,# 218 3911 CARRIGAN COURT,Burnaby,Government Road,2,1,Apartment,Upper Unit,2020-02-17,413500,420000,420000,914,48,1840.49,Freehold Strata,357.91,"Pets Allowed with Restrictions, Rentals Allowed with Restrictions",CD
R2430640,# 314 3911 CARRIGAN COURT,Burnaby,Government Road,2,1,Apartment,"Penthouse, Upper Unit",2020-01-25,435000,429900,429900,929,48,1890.23,Freehold Strata,368.0,"Pets Allowed with Restrictions, Rentals Not Allowed",CD
R2459439,# 1003 3970 CARRIGAN COURT,Burnaby,Government Road,2,2,Apartment,"1 Storey, Inside Unit",2020-05-29,515000,499999,499999,954,33,2095.72,Freehold Strata,318.79,"Pets Allowed with Restrictions, Rentals Allowed",CD
R2439412,# 605 3970 CARRIGAN COURT,Burnaby,Government Road,1,1,Apartment,Other,2020-03-22,410000,420000,449000,799,34,1868.42,Freehold Strata,282.13,"Pets Not Allowed, Rentals Allowed",MFD
R2432080,# 702 3970 CARRIGAN COURT,Burnaby,Government Road,2,2,Apartment,Corner Unit,2020-01-31,461000,469900,469900,863,33,1943.0,Freehold Strata,306.82,"Pets Allowed with Restrictions, Rentals Allowed, Smoking Restrictions",CD
R2437358,# 806 3970 CARRIGAN COURT,Burnaby,Government Road,2,2,Apartment,Corner Unit,2020-02-23,480000,479900,479900,889,35,1976.39,Freehold Strata,314.46,"Pets Allowed with Restrictions, Rentals Allowed",STRATA
R2433118,# 1007 3970 CARRIGAN COURT,Burnaby,Government Road,2,2,Apartment,Upper Unit,2020-02-17,489000,499000,499000,911,33,2004.81,Freehold Strata,323.0,"Pets Not Allowed, Rentals Allowed with Restrictions",APT
R2419217,# 305 3901 CARRIGAN COURT,Burnaby,Government Road,3,2,Apartment,"Corner Unit, Upper Unit",2020-01-11,560000,575000,575000,1240,46,2180.83,Freehold Strata,468.3,"Pets Allowed with Restrictions, Rentals Allowed with Restrictions",CD
R2445357,# 109 3901 CARRIGAN COURT,Burnaby,Government Road,2,1,Apartment,Ground Level Unit,2020-06-01,380000,385000,419900,898,46,1879.39,Freehold Strata,379.11,"Pets Allowed with Restrictions, Rentals Allowed with Restrictions",STRATA
R2449893,# 204 3901 CARRIGAN COURT,Burnaby,Government Road,2,1,Apartment,3 Storey,2020-06-03,395000,399000,429000,936,46,1966.6,Freehold Strata,379.11,"Pets Allowed with Restrictions, Rentals Allowed with Restrictions",MF
R2457255,# 117 3901 CARRIGAN COURT,Burnaby,Government Road,3,2,Apartment,"Corner Unit, Ground Level Unit",2020-06-10,525000,532000,532000,1167,46,1544.63,Freehold Strata,470.77,"Pets Allowed with Restrictions, Rentals Allowed with Restrictions",CD
R2430937,# 1704 3755 BARTLETT COURT,Burnaby,Sullivan Heights,2,2,Apartment,Inside Unit,2020-01-26,430000,435000,435000,949,42,2034.59,Freehold Strata,475.31,"Pets Allowed with Restrictions, Rentals Not Allowed",CD
R2420868,# 805 3755 BARTLETT COURT,Burnaby,Sullivan Heights,1,1,Apartment,Upper Unit,2020-01-20,359000,359900,399900,673,44,1699.02,Freehold Strata,344.7,"Pets Allowed with Restrictions, Rentals Not Allowed",CD
R2427843,# 703 3737 BARTLETT COURT,Burnaby,Sullivan Heights,2,2,Apartment,Corner Unit,2020-04-24,465000,499000,520000,1198,45,2282.62,Freehold Strata,568.45,Rentals Not Allowed,CD
R2452848,# 302 3737 BARTLETT COURT,Burnaby,Sullivan Heights,1,1,Apartment,"Corner Unit, Upper Unit",2020-05-11,340000,354900,354900,622,45,1776.35,Freehold Strata,367.61,No Restrictions,CD
R2453659,# 2305 3737 BARTLETT COURT,Burnaby,Sullivan Heights,1,1,Apartment,"Corner Unit, Upper Unit",2020-06-03,375000,389000,389000,747,45,1961.02,Freehold Strata,400.93,"Pets Allowed with Restrictions, Rentals Not Allowed",CD
R2464486,# 217 9101 HORNE,Burnaby,Government Road,3,3,Apartment,1 Storey,2020-06-14,581000,578000,578000,1130,45,2149.82,Freehold Strata,479.89,"Pets Allowed, Rentals Allowed",STRATA
R2432571,# 116 9101 HORNE STREET,Burnaby,Government Road,3,2,Apartment,"Corner Unit, Ground Level Unit",2020-02-10,473500,480000,480000,1110,45,1426.0,Freehold Strata,475.59,Pets Allowed with Restrictions,CD
R2428264,# 417 9101 HORNE STREET,Burnaby,Government Road,3,2,Apartment,"Penthouse, Upper Unit",2020-01-19,545000,559900,559900,1120,43,2391.33,Freehold Strata,479.89,"Pets Allowed with Restrictions, Rentals Allowed with Restrictions",CD
R2408270,# 1506 9280 SALISH COURT,Burnaby,Sullivan Heights,2,2,Apartment,Corner Unit,2019-12-15,470000,479000,499000,995,43,1980.77,Freehold Strata,392.49,"Pets Not Allowed, Rentals Not Allowed",CD
R2433764,# 1505 9280 SALISH COURT,Burnaby,Sullivan Heights,1,1,Apartment,"Corner Unit, Upper Unit",2020-02-12,405000,388000,388000,741,43,1801.79,Freehold Strata,301.1,"Pets Not Allowed, Rentals Not Allowed",CD
R2413648,# 1901 9595 ERICKSON DRIVE,Burnaby,Sullivan Heights,2,1,Apartment,"Corner Unit, Upper Unit",2019-12-20,415000,428000,428000,874,39,2021.4,Freehold Strata,323.03,"Pets Not Allowed, Rentals Allowed",RES
R2464006,9118 CENTAURUS CIRCLE,Burnaby,Simon Fraser Hills,3,2,Townhouse,,2020-06-17,480000,499000,499000,1135,38,1373.3,Freehold Strata,484.12,"Pets Allowed with Restrictions, Rentals Allowed with Restrictions","CD,RM2"
R2429693,2965 ARGO PLACE,Burnaby,Simon Fraser Hills,3,2,Townhouse,,2020-01-22,579500,599000,599000,1457,45,2136.97,Freehold Strata,361.61,"Pets Allowed, Rentals Allowed",CD
R2427029,2961 ARGO PLACE,Burnaby,Simon Fraser Hills,1,1,Townhouse,,2020-01-13,410000,418000,418000,724,44,1603.12,Freehold Strata,295.86,"Pets Allowed, Rentals Allowed",STRATA
R2433794,# 104 9145 SATURNA DRIVE,Burnaby,Simon Fraser Hills,3,3,Townhouse,,2020-02-08,432500,435000,435000,1061,44,2028.53,Freehold Strata,506.46,"Pets Allowed, Rentals Allowed",CD
R2455447,# 103 9138 CAPELLA DRIVE,Burnaby,Simon Fraser Hills,2,1,Townhouse,,2020-05-24,350000,329900,329900,896,43,1516.35,Freehold Strata,422.14,"Pets Allowed with Restrictions, Rentals Allowed",CDRM1
R2458893,# 303 9132 CAPELLA DRIVE,Burnaby,Simon Fraser Hills,2,1,Apartment,1 Storey,2020-06-02,401000,389000,389000,830,44,1852.35,Freehold Strata,402.19,"Pets Allowed with Restrictions, Rentals Allowed",CD
R2449590,# 101 9133 CAPELLA DRIVE,Burnaby,Simon Fraser Hills,3,3,Townhouse,,2020-04-27,408000,349000,458000,1045,43,2117.49,Freehold Strata,506.47,"Pets Allowed, Rentals Allowed",CD
R2435901,# 104 9155 SATURNA DRIVE,Burnaby,Simon Fraser Hills,3,3,Apartment,Ground Level Unit,2020-05-13,421000,439800,448000,987,44,2048.41,Freehold Strata,478.32,"Pets Allowed with Restrictions, Rentals Allowed",CD
R2453088,# 55 9101 FOREST GROVE DRIVE,Burnaby,Forest Hills BN,3,2,Townhouse,,2020-05-02,560000,569900,569900,1293,39,2313.76,Freehold Strata,398.89,"Pets Allowed with Restrictions, Rentals Allowed",CD
R2426367,# 6 9151 FOREST GROVE DRIVE,Burnaby,Forest Hills BN,3,2,Townhouse,,2020-01-07,538000,555000,555000,1211,38,2234.56,Freehold Strata,364.0,"Pets Allowed, Rentals Allowed",ROWHOU
R2430693,8566 FLOWERING PLACE,Burnaby,Forest Hills BN,2,1,Townhouse,,2020-02-05,438000,469800,469800,958,39,2102.72,Freehold Strata,217.71,"Pets Allowed with Restrictions, Rentals Allowed with Restrictions",CD
R2452104,8579 WOODRIDGE PLACE,Burnaby,Forest Hills BN,2,1,Townhouse,,2020-05-04,490000,513000,513000,957,39,2116.92,Freehold Strata,217.71,"Pets Allowed with Restrictions, Rentals Allowed with Restrictions",MFD
R2452701,8588 WILDERNESS COURT,Burnaby,Forest Hills BN,2,1,Townhouse,,2020-04-29,489000,489000,489000,969,39,2076.01,Freehold Strata,220.0,Rentals Allowed with Restrictions,CD
R2437155,8242 ELKWOOD PLACE,Burnaby,Forest Hills BN,3,3,Townhouse,,2020-02-24,529000,524990,524990,1154,41,2281.1,Freehold Strata,321.99,"Pets Allowed, Rentals Allowed",CD
R2452282,# 708 9025 HIGHLAND COURT,Burnaby,Simon Fraser Univer.,1,1,Apartment,Upper Unit,2020-04-28,309000,299000,299000,440,7,1781.0,Leasehold prepaid-Strata,214.96,"Pets Allowed with Restrictions, Rentals Allowed",P11
R2429247,# 608 9080 UNIVERSITY CRESCENT,Burnaby,Simon Fraser Univer.,2,2,Apartment,Upper Unit,2020-01-31,540000,549900,549900,873,5,2307.59,Leasehold prepaid-Strata,351.81,"Pets Allowed with Restrictions, Rentals Allowed with Restrictions",CD
R2450710,# 403 8940 UNIVERSITY CRESCENT,Burnaby,Simon Fraser Univer.,2,2,Apartment,Other,2020-05-19,575900,599900,599900,878,0,,Leasehold prepaid-Strata,386.32,"Pets Allowed with Restrictions, Rentals Allowed",P11
R2436648,# 60 9229 UNIVERSITY CRESCENT,Burnaby,Simon Fraser Univer.,2,2,Townhouse,,2020-02-23,585110,575000,575000,1136,14,1789.16,Leasehold prepaid-Strata,290.33,"Pets Allowed with Restrictions, Rentals Allowed",MF
R2426017,# 307 9298 UNIVERSITY CRESCENT,Burnaby,Simon Fraser Univer.,3,2,Apartment,1 Storey,2020-03-09,578000,599000,649000,1116,15,2288.08,Leasehold prepaid-Strata,452.97,"Pets Allowed, Rentals Allowed, Smoking Restrictions",STRATA
R2455722,# 1502 8850 UNIVERSITY CRESCENT,Burnaby,Simon Fraser Univer.,1,1,Apartment,"End Unit, Upper Unit",2020-05-19,472000,509000,509000,661,1,1056.41,Leasehold prepaid-Strata,266.43,"Pets Allowed with Restrictions, Rentals Allowed with Restrictions",P11
R2429492,# 501 8850 UNIVERSITY CRESCENT,Burnaby,Simon Fraser Univer.,1,1,Apartment,1 Storey,2020-02-10,423000,420000,420000,584,1,935.18,Leasehold prepaid-Strata,235.85,"Pets Allowed with Restrictions, Rentals Allowed",P11
R2405407,# 902 9222 UNIVERSITY CRESCENT,Burnaby,Simon Fraser Univer.,2,1,Apartment,Upper Unit,2019-12-14,590000,649000,649000,955,11,2500.56,Leasehold prepaid-Strata,,"Pets Allowed with Restrictions, Rentals Allowed",P11E
R2435160,# 207 9188 UNIVERSITY CRESCENT,Burnaby,Simon Fraser Univer.,1,1,Apartment,Inside Unit,2020-02-16,442000,449000,449000,750,12,1907.65,Leasehold prepaid-Strata,236.3,"Pets Allowed with Restrictions, Rentals Allowed",RM5
R2458033,# 610 9262 UNIVERSITY CRESCENT,Burnaby,Simon Fraser Univer.,1,1,Apartment,Upper Unit,2020-06-08,300000,315000,315000,408,15,1526.56,Leasehold prepaid-Strata,190.58,"Pets Allowed, Rentals Allowed",CONDO
R2428427,# 308 9232 UNIVERSITY CRESCENT,Burnaby,Simon Fraser Univer.,1,1,Apartment,Bachelor/Studio,2020-05-06,295000,295000,325000,440,14,1549.28,Leasehold prepaid-Strata,200.61,"Pets Allowed with Restrictions, Rentals Allowed",P11E
R2460369,# 408 9232 UNIVERSITY CRESCENT,Burnaby,Simon Fraser Univer.,1,1,Apartment,Bachelor/Studio,2020-06-07,298000,299000,299000,434,14,1554.97,Leasehold prepaid-Strata,200.61,"Pets Allowed with Restrictions, Rentals Allowed with Restrictions",P11E
R2426114,# 1002 9266 UNIVERSITY CRESCENT,Burnaby,Simon Fraser Univer.,2,2,Apartment,"Corner Unit, Upper Unit",2020-02-12,520000,549000,549000,838,14,2334.54,Leasehold prepaid-Strata,357.04,"Pets Allowed with Restrictions, Rentals Allowed",STRATA
R2441141,# 805 9266 UNIVERSITY CRESCENT,Burnaby,Simon Fraser Univer.,2,2,Apartment,"Inside Unit, Upper Unit",2020-03-06,495000,490000,490000,840,14,2138.49,Leasehold prepaid-Strata,370.11,"Pets Allowed with Restrictions, Rentals Allowed",CD
R2443716,# 203 9329 UNIVERSITY CRESCENT,Burnaby,Simon Fraser Univer.,2,2,Apartment,Corner Unit,2020-04-29,470000,478888,499900,958,16,2213.98,Leasehold prepaid-Strata,321.77,"Pets Allowed, Rentals Allowed",P11E
R2439826,# 108 9329 UNIVERSITY CRESCENT,Burnaby,Simon Fraser Univer.,2,2,Apartment,"1 Storey, Ground Level Unit",2020-04-27,530000,535000,540000,941,16,2165.66,Leasehold prepaid-Strata,310.93,"Pets Allowed with Restrictions, Rentals Allowed with Restrictions",P11E
R2458721,# PH2 9250 UNIVERSITY HIGH STREET,Burnaby,Simon Fraser Univer.,2,2,Apartment,1 Storey,2020-06-09,518000,538000,538000,888,8,2196.08,Leasehold prepaid-Strata,360.61,"Pets Allowed with Restrictions, Rentals Allowed",STRATA
R2456771,# 205 9339 UNIVERSITY CRESCENT,Burnaby,Simon Fraser Univer.,2,2,Apartment,Ground Level Unit,2020-05-23,490000,494900,494900,932,16,2145.78,Leasehold prepaid-Strata,310.93,"Pets Allowed with Restrictions, Rentals Allowed",MULTI
R2429935,# 503 9250 UNIVERSITY HIGH STREET,Burnaby,Simon Fraser Univer.,1,1,Apartment,1 Storey,2020-01-26,404000,398000,398000,663,8,1705.01,Leasehold prepaid-Strata,,"Pets Allowed with Restrictions, Rentals Allowed",STRATA
R2451110,# 111 9168 SLOPES MEWS,Burnaby,Simon Fraser Univer.,1,1,Apartment,1 Storey,2020-05-09,418000,423000,423000,664,4,1992.66,Leasehold prepaid-Strata,290.18,"Pets Allowed with Restrictions, Rentals Allowed with Restrictions",CDP11
R2443492,# 101 9168 SLOPES MEWS,Burnaby,Simon Fraser Univer.,1,1,Apartment,"1 Storey, Ground Level Unit",2020-03-13,420000,425000,425000,646,3,1967.09,Leasehold prepaid-Strata,285.27,"Pets Allowed with Restrictions, Rentals Allowed",CD
R2402599,# 515 9168 SLOPES MEWS,Burnaby,Simon Fraser Univer.,1,1,Apartment,Loft/Warehouse Conv.,2020-02-13,435000,468000,499000,678,3,2086.43,Leasehold prepaid-Strata,309.86,"Pets Allowed with Restrictions, Rentals Allowed",CD
R2428439,# 517 9168 SLOPES MEWS,Burnaby,Simon Fraser Univer.,1,1,Apartment,"1 1/2 Storey, 5 Plus Level",2020-02-19,437500,399999,399999,678,3,2086.43,Leasehold prepaid-Strata,309.86,"Pets Allowed with Restrictions, Rentals Allowed",CDP11
R2440547,# 513 9877 UNIVERSITY CRESCENT,Burnaby,Simon Fraser Univer.,1,1,Apartment,2 Storey,2020-06-04,449000,465000,465000,676,3,2086.43,Leasehold prepaid-Strata,309.86,"Pets Allowed with Restrictions, Rentals Allowed",A.CD
R2412186,# 409 9168 SLOPES MEWS,Burnaby,Simon Fraser Univer.,2,1,Apartment,"1 Storey, Upper Unit",2020-02-27,490000,509000,509000,754,4,2217.12,Leasehold prepaid-Strata,340.0,"Pets Allowed with Restrictions, Rentals Allowed",A.CD
R2452403,3424 COPELAND AVENUE,Vancouver,Champlain Heights,3,3,Townhouse,,2020-04-29,572000,574000,574000,1252,40,1565.12,Leasehold prepaid-Strata,336.38,"Pets Allowed with Restrictions, Rentals Allowed with Restrictions",CD-1
R2445533,# 203 2288 NEWPORT AVENUE,Vancouver,Fraserview VE,2,1,Apartment,1 Storey,2020-04-06,460000,499000,499000,910,28,1293.39,Freehold Strata,293.12,Rentals Allowed with Restrictions,C-1
R2454452,# 475 8025 CHAMPLAIN CRESCENT,Vancouver,Champlain Heights,2,1,Apartment,2 Storey,2020-06-23,557000,566600,566600,1128,37,1155.51,Leasehold prepaid-Strata,386.68,"Pets Allowed with Restrictions, Rentals Allowed",CD1
R2428911,8171 LAVAL PLACE,Vancouver,Champlain Heights,3,3,Townhouse,,2020-05-14,600000,629000,629000,1485,40,1754.4,Leasehold prepaid-Strata,351.02,"Pets Allowed with Restrictions, Rentals Not Allowed",CD-1
R2404706,# 4 3572 RAINIER PLACE,Vancouver,Champlain Heights,4,4,Townhouse,,2019-12-07,580000,609900,609900,1637,26,1787.69,Leasehold prepaid-Strata,499.67,"Pets Allowed with Restrictions, Rentals Allowed with Restrictions",CD1
R2457249,# 608 3581 E KENT AVENUE NORTH,Vancouver,South Marine,1,1,Apartment,Inside Unit,2020-06-09,502000,515000,515000,555,0,,Freehold Strata,241.7,"Pets Allowed, Rentals Allowed",RES
R2450396,# 906 8570 RIVERGRASS DRIVE,Vancouver,South Marine,1,1,Apartment,1 Storey,2020-06-04,490000,499000,499000,508,0,,Freehold Strata,236.88,No Restrictions,CD-1
R2459293,# 506 8508 RIVERGRASS DRIVE,Vancouver,South Marine,1,1,Apartment,"Penthouse, Upper Unit",2020-06-01,545000,549900,549900,670,0,,Freehold Strata,298.87,"Pets Allowed, Pets Allowed with Restrictions, Rentals Allowed",CD-1
R2441920,# 411 8508 RIVERGRASS DRIVE,Vancouver,South Marine,1,1,Apartment,"Inside Unit, Upper Unit",2020-03-09,510000,525000,525000,539,0,,Freehold Strata,241.03,"No Restrictions, Pets Allowed, Rentals Allowed",CD-1
R2440910,# 802 3581 E KENT AVENUE NORTH,Vancouver,South Marine,1,1,Apartment,Inside Unit,2020-03-09,512888,499000,499000,521,0,,Freehold Strata,218.46,"Pets Allowed with Restrictions, Rentals Allowed",CD-1
R2453550,# 1006 3581 EAST KENT AVENUE NORTH,Vancouver,South Marine,1,1,Apartment,Upper Unit,2020-05-05,498000,499000,499000,518,0,,Freehold Strata,218.46,"Pets Allowed with Restrictions, Rentals Allowed",CD-1
R2433790,# 318 8580 RIVER DISTRICT CROSSING,Vancouver,South Marine,1,1,Apartment,1 Storey,2020-02-15,558000,549000,549000,600,3,1372.79,Freehold Strata,288.51,"Pets Allowed, Rentals Allowed",CD-1
R2425048,# 502 3488 SAWMILL CRESCENT,Vancouver,South Marine,1,1,Apartment,1 Storey,2020-01-07,545000,573000,573000,600,2,1294.0,Freehold Strata,331.0,"Pets Allowed with Restrictions, Rentals Allowed",CD-1
R2433117,# 611 3488 SAWMILL CRESCENT,Vancouver,South Marine,1,1,Apartment,Other,2020-02-08,515000,538000,538000,570,2,1262.65,Freehold Strata,318.97,"Pets Allowed with Restrictions, Rentals Allowed with Restrictions",CD-1
R2464088,# 508 8533 RIVER DISTRICT CROSSING,Vancouver,South Marine,1,1,Apartment,"1 Storey, Inside Unit",2020-06-18,518000,525000,525000,645,0,540.94,Freehold Strata,388.24,"Pets Allowed with Restrictions, Rentals Allowed with Restrictions",CD1
R2440614,# 906 3557 SAWMILL CRESCENT,Vancouver,South Marine,1,1,Apartment,Inside Unit,2020-03-10,578000,578000,578000,653,2,1488.03,Freehold Strata,307.44,"Pets Allowed with Restrictions, Rentals Allowed",CD-1
R2461008,# 1604 8533 RIVER DISTRICT CROSSING,Vancouver,South Marine,1,1,Apartment,1 Storey,2020-06-10,517900,529900,529900,550,0,,Freehold Strata,330.0,"Pets Allowed with Restrictions, Rentals Allowed",CD1
R2438439,# 1201 8538 RIVER DISTRICT CROSSING,Vancouver,South Marine,1,1,Apartment,Inside Unit,2020-02-26,520000,525000,525000,585,2,1383.03,Freehold Strata,272.16,"Pets Allowed with Restrictions, Rentals Allowed",CD-1
R2449280,# 506 3557 SAWMILL CRESCENT,Vancouver,South Marine,1,1,Apartment,1 Storey,2020-05-10,548800,548800,548800,651,2,1434.25,Freehold Strata,307.44,"Pets Allowed with Restrictions, Rentals Allowed with Restrictions",CD-1
R2438591,# 316 3557 SAWMILL CRESCENT,Vancouver,South Marine,1,1,Apartment,Inside Unit,2020-03-03,558305,550000,550000,680,2,1436.81,Freehold Strata,308.0,"Pets Allowed with Restrictions, Rentals Allowed with Restrictions",MULTI
R2451571,# 903 3557 SAWMILL CRESCENT,Vancouver,South Marine,1,1,Apartment,Upper Unit,2020-05-11,565000,578000,578000,662,2,1505.96,Freehold Strata,307.44,"Pets Allowed with Restrictions, Rentals Allowed",CD-1
R2431808,# 803 3557 SAWMILL CRESCENT,Vancouver,South Marine,1,1,Apartment,Inside Unit,2020-02-03,568000,575000,575000,661,2,1490.6,Freehold Strata,346.41,"Pets Allowed with Restrictions, Rentals Allowed with Restrictions",CD-1
R2461806,# 812 3557 SAWMILL CRESCENT,Vancouver,South Marine,1,1,Apartment,Upper Unit,2020-06-04,570000,588000,588000,663,2,1490.6,Freehold Strata,307.44,"Pets Allowed with Restrictions, Rentals Allowed",CD-1
R2468532,# 516 3438 SAWMILL CRESCENT,Vancouver,South Marine,1,1,Apartment,"1 Storey, Inside Unit",2020-06-22,541900,541900,541900,595,0,,Freehold Strata,236.46,"Pets Allowed with Restrictions, Rentals Allowed",CD-1
R2430478,# 519 3438 SAWMILL CRESCENT,Vancouver,South Marine,1,1,Apartment,1 Storey,2020-01-20,531900,531900,531900,592,0,,Freehold Strata,236.24,"Pets Allowed with Restrictions, Rentals Allowed",CD-1
R2457214,# 908 3438 SAWMILL CRESCENT,Vancouver,South Marine,1,1,Apartment,"1 Storey, Inside Unit",2020-06-22,538200,538200,538200,564,0,,Freehold Strata,227.66,"Pets Allowed with Restrictions, Rentals Allowed",CD-1
R2440037,# 1808 3430 E KENT AVENUE SOUTH,Vancouver,South Marine,1,1,Apartment,"1 Storey, Inside Unit",2020-02-28,503400,503400,503400,526,0,,Freehold Strata,231.08,"Pets Allowed with Restrictions, Rentals Allowed",CD-1
R2456064,# 116 3430 E KENT AVENUE SOUTH,Vancouver,South Marine,1,1,Apartment,"1 Storey, Ground Level Unit",2020-05-23,478900,478900,478900,546,0,,Freehold Strata,240.51,"Pets Allowed with Restrictions, Rentals Allowed",CD-1
R2454970,# 112 3400 SE MARINE DRIVE,Vancouver,Champlain Heights,2,1,Apartment,"Corner Unit, Ground Level Unit",2020-06-04,555000,599000,599000,1184,28,1477.8,Leasehold prepaid-Strata,440.69,"Pets Allowed with Restrictions, Rentals Allowed with Restrictions",MF
R2428696,# 207 3400 SE MARINE DRIVE,Vancouver,Champlain Heights,2,1,Apartment,"2 Storey, Reverse 2 Storey",2020-01-17,531800,568000,568000,1285,28,1161.24,Leasehold prepaid-Strata,399.0,"Pets Allowed with Restrictions, Rentals Allowed with Restrictions",RES
R2443730,# 1109 3281 E KENT AVENUE,Vancouver,South Marine,1,1,Apartment,Upper Unit,2020-03-15,537957,549900,549900,624,3,1249.84,Freehold Strata,371.07,"Pets Allowed, Rentals Allowed",CD1
R2458675,# 101 3138 RIVERWALK AVENUE,Vancouver,South Marine,1,1,Apartment,1 Storey,2020-06-08,552000,550000,550000,693,5,1475.22,Freehold Strata,278.42,"Pets Allowed, Rentals Allowed",CD-1
R2436834,# 106 3162 RIVERWALK AVENUE,Vancouver,South Marine,1,1,Apartment,Ground Level Unit,2020-02-26,544000,549000,549000,663,5,1406.08,Freehold Strata,278.42,"Pets Allowed with Restrictions, Rentals Allowed",CD-1
R2438836,# 319 3163 RIVERWALK AVENUE,Vancouver,South Marine,1,1,Apartment,Corner Unit,2020-05-07,538000,559900,568800,776,7,1256.57,Freehold Strata,338.32,"Pets Allowed with Restrictions, Rentals Allowed",CD-1
R2423728,# 103 3133 RIVERWALK AVENUE,Vancouver,South Marine,1,1,Apartment,Ground Level Unit,2020-03-08,562500,567800,597800,779,7,1038.33,Freehold Strata,338.32,"Pets Allowed with Restrictions, Rentals Allowed with Restrictions",CD-1
R2443466,# 403 3133 RIVERWALK AVENUE,Vancouver,South Marine,1,1,Apartment,"Corner Unit, Penthouse",2020-03-16,548000,548000,548000,811,7,1290.9,Freehold Strata,338.32,"Pets Allowed with Restrictions, Rentals Allowed",CD-1
R2431844,# 706 3061 E KENT AVENUE NORTH,Vancouver,South Marine,2,1,Apartment,"5 Plus Level, Upper Unit",2020-02-02,508000,515000,515000,903,29,1111.54,Leasehold prepaid-Strata,382.3,"Pets Allowed with Restrictions, Rentals Allowed with Restrictions",VA
R2436513,# 409 8495 JELLICOE STREET,Vancouver,South Marine,2,1,Apartment,"Corner Unit, Penthouse",2020-02-27,595000,599900,599900,890,23,1429.12,Freehold Strata,410.38,"Pets Allowed, Rentals Allowed with Restrictions",STRATA
R2432777,# 407 8495 JELLICOE STREET,Vancouver,South Marine,2,1,Apartment,"End Unit, Upper Unit",2020-04-14,515000,539000,549000,833,23,1336.93,Freehold Strata,385.57,"Pets Allowed with Restrictions, Rentals Allowed with Restrictions",CD-1
R2435583,# 17 2885 E KENT AVENUE,Vancouver,South Marine,2,1,Townhouse,,2020-02-19,556000,499900,499900,951,27,1254.96,Freehold Strata,326.46,"Pets Allowed with Restrictions, Rentals Allowed with Restrictions",CD-1
R2463491,# 21 2885 E KENT AVENUE,Vancouver,South Marine,2,1,Townhouse,,2020-06-14,537000,499000,499000,945,27,1319.0,Freehold Strata,358.73,"Pets Allowed with Restrictions, Rentals Allowed with Restrictions",CD-1
R2441489,# 112 8460 JELLICOE STREET,Vancouver,South Marine,2,1,Apartment,"End Unit, Ground Level Unit",2020-03-06,577000,588800,588800,965,26,1227.01,Freehold Strata,442.62,"Pets Allowed with Restrictions, Rentals Allowed with Restrictions",-
R2424364,# 408 8460 JELLICOE STREET,Vancouver,South Marine,1,1,Apartment,"1 Storey, Upper Unit",2020-01-30,430000,448000,448000,695,24,1037.29,Freehold Strata,322.98,"Pets Allowed with Restrictions, Rentals Allowed with Restrictions",CD-1
R2432631,# 108 8450 JELLICOE STREET,Vancouver,South Marine,1,1,Apartment,1 Storey,2020-02-28,435000,455000,455000,695,26,915.25,Freehold Strata,326.93,"Pets Allowed with Restrictions, Rentals Allowed with Restrictions",CD-1
R2432966,# 102 8460 JELLICOE STREET,Vancouver,South Marine,1,1,Apartment,Ground Level Unit,2020-02-10,460000,439000,439000,695,26,923.83,Freehold Strata,326.0,"Pets Allowed with Restrictions, Rentals Allowed with Restrictions",CD-1
R2428215,# 201 2763 CHANDLERY PLACE,Vancouver,South Marine,2,1,Apartment,"Corner Unit, Ground Level Unit",2020-03-02,558888,578500,588000,900,20,1214.14,Freehold Strata,520.9,"Pets Allowed with Restrictions, Rentals Allowed with Restrictions",CD-1
R2426046,# 1211 2763 CHANDLERY PLACE,Vancouver,South Marine,1,1,Apartment,Upper Unit,2020-01-18,390000,399000,399000,488,21,827.64,Freehold Strata,292.72,"Pets Allowed with Restrictions, Rentals Allowed with Restrictions",CD-1
R2439409,# 803 2763 CHANDLERY PLACE,Vancouver,South Marine,1,1,Apartment,1 Storey,2020-03-02,407500,424900,424900,520,20,871.4,Freehold Strata,314.24,"Pets Allowed with Restrictions, Rentals Allowed with Restrictions",CD-1
R2439315,# 702 2733 CHANDLERY PLACE,Vancouver,South Marine,1,1,Apartment,Upper Unit,2020-03-04,452500,429000,429000,617,21,970.55,Freehold Strata,374.21,"Pets Allowed with Restrictions, Rentals Allowed with Restrictions",CD-1
R2416093,# 305 2763 CHANDLERY PLACE,Vancouver,South Marine,1,1,Apartment,1 Storey,2020-01-18,390000,411000,411000,555,21,854.9,Freehold Strata,290.12,"Pets Allowed with Restrictions, Rentals Allowed with Restrictions",CD-1
R2427639,# 607 2733 CHANDLERY PLACE,Vancouver,South Marine,2,1,Apartment,"Corner Unit, Inside Unit",2020-01-09,512000,539000,539000,791,21,1170.76,Freehold Strata,473.96,"Pets Allowed with Restrictions, Rentals Allowed with Restrictions",CD-1
R2436380,# 303 2020 E KENT AVENUE SOUTH AVENUE,Vancouver,South Marine,2,1,Apartment,Inside Unit,2020-04-15,545000,548000,598000,879,26,1250.23,Freehold Strata,393.0,"Pets Allowed with Restrictions, Rentals Allowed with Restrictions",CD-1
R2446335,# 102 1880 E KENT AVENUE SOUTH,Vancouver,South Marine,2,1,Apartment,Ground Level Unit,2020-05-16,580000,599000,599000,883,25,1506.73,Freehold Strata,369.18,"Pets Allowed, Rentals Allowed",CD1
R2438661,# 303 1880 E KENT AVENUE SOUTH,Vancouver,South Marine,1,1,Apartment,Inside Unit,2020-03-03,445000,399900,399900,700,25,1289.81,Freehold Strata,284.72,"Pets Allowed with Restrictions, Rentals Allowed",CD-1
R2425478,# 305 5280 OAKMOUNT CRESCENT,Burnaby,Oaklands,2,1,Apartment,1 Storey,2020-01-12,595000,619000,619000,1134,25,2565.99,Freehold Strata,464.09,"Pets Allowed with Restrictions, Rentals Not Allowed",CD
R2428720,# 404 5262 OAKMOUNT CRESCENT,Burnaby,Oaklands,2,1,Apartment,"Inside Unit, Upper Unit",2020-01-29,590000,617000,599999,1111,26,2547.5,Freehold Strata,345.35,"Pets Allowed, Rentals Not Allowed",MF
R2441751,# 300 6388 MARLBOROUGH AVENUE,Burnaby,Forest Glen BS,2,2,Apartment,Corner Unit,2020-03-08,550000,549000,549000,974,28,2295.64,Freehold Strata,267.24,"Pets Not Allowed, Rentals Allowed with Restrictions",MF
R2413447,# 309 5355 LANE STREET,Burnaby,Metrotown,2,2,Apartment,1 Storey,2020-01-16,585000,628000,628000,754,1,,Freehold Strata,298.25,"Pets Allowed, Rentals Allowed",C9A
R2448035,# 415 6888 ROYAL OAK AVENUE,Burnaby,Metrotown,1,1,Apartment,Penthouse,2020-03-30,470000,499000,499000,714,8,2255.68,Freehold Strata,200.0,No Restrictions,CD
R2394756,# 207 6875 DUNBLANE AVENUE,Burnaby,Metrotown,2,2,Apartment,Corner Unit,2020-01-08,593000,625000,625000,769,4,2259.09,Freehold Strata,217.0,"Pets Allowed with Restrictions, Rentals Allowed",MF
R2425304,# 2406 5051 IMPERIAL STREET,Burnaby,Metrotown,1,1,Apartment,1 Storey,2020-01-01,570000,589000,589000,546,1,,Freehold Strata,260.0,No Restrictions,STRATA
R2437176,# 1505 4888 HAZEL STREET,Burnaby,Forest Glen BS,2,1,Apartment,"Corner Unit, Upper Unit",2020-02-23,545000,549900,549900,789,24,2545.59,Freehold Strata,287.0,"Pets Allowed with Restrictions, Rentals Allowed with Restrictions",CD
R2428654,# 2107 4808 HAZEL STREET,Burnaby,Forest Glen BS,1,1,Apartment,Inside Unit,2020-02-03,520000,549900,549900,555,12,2217.82,Freehold Strata,179.24,"Pets Allowed with Restrictions, Rentals Allowed",APT
R2433969,# 410 4825 HAZEL STREET,Burnaby,Forest Glen BS,1,1,Apartment,Inside Unit,2020-02-25,528000,545000,545000,918,29,2245.3,Freehold Strata,340.46,"Pets Not Allowed, Rentals Not Allowed, Smoking Restrictions",CD
R2449653,# 1002 4688 KINGSWAY,Burnaby,Metrotown,1,1,Apartment,Inside Unit,2020-04-15,593000,625000,625000,622,5,2531.74,Freehold NonStrata,281.83,"Pets Allowed with Restrictions, Rentals Allowed with Restrictions",APT
R2448136,# 305 4625 GRANGE AVENUE,Burnaby,Central Park BS,1,1,Apartment,"Inside Unit, Upper Unit",2020-04-13,403000,428000,428000,739,45,1682.0,Freehold Strata,247.0,"Pets Allowed, Rentals Allowed",RM3
R2459529,# 1505 4505 HAZEL STREET,Burnaby,Forest Glen BS,2,1,Apartment,Corner Unit,2020-06-01,535500,549000,549000,715,22,2138.72,Freehold Strata,258.95,"Pets Not Allowed, Rentals Allowed with Restrictions",CD
R2426751,# PH22 5248 GRIMMER STREET,Burnaby,Metrotown,1,1,Apartment,Penthouse,2020-01-10,445000,449900,449900,595,7,2029.07,Freehold Strata,172.55,"Pets Allowed, Rentals Allowed with Restrictions",CD
R2428321,# 218 5248 GRIMMER STREET,Burnaby,Metrotown,2,2,Apartment,Inside Unit,2020-01-31,573000,575000,575000,800,7,2367.16,Freehold Strata,232.16,"Pets Allowed with Restrictions, Rentals Allowed with Restrictions",CD
R2449249,# PH05 5288 GRIMMER STREET,Burnaby,Metrotown,1,1,Apartment,"Penthouse, Upper Unit",2020-04-24,465000,489000,489000,620,5,2142.1,Freehold Strata,192.54,"Pets Allowed, Rentals Allowed",CD
R2407140,# 312 5211 GRIMMER STREET,Burnaby,Metrotown,2,2,Apartment,"Inside Unit, Upper Unit",2019-12-23,600000,609900,628000,907,11,1778.91,Freehold Strata,382.86,"Pets Allowed with Restrictions, Rentals Allowed",MF
R2444417,# 202 5211 GRIMMER STREET,Burnaby,Metrotown,1,1,Apartment,Inside Unit,2020-03-13,438000,448000,448000,619,11,1980.5,Freehold Strata,265.0,"Pets Allowed with Restrictions, Rentals Allowed",CD
R2443949,# 303 5211 GRIMMER STREET,Burnaby,Metrotown,1,1,Apartment,Inside Unit,2020-03-15,460000,438000,438000,645,11,2018.86,Freehold Strata,273.48,"Pets Allowed with Restrictions, Rentals Allowed with Restrictions","CD, C9"
R2434620,# 2101 6540 BURLINGTON AVENUE,Burnaby,Metrotown,2,1,Apartment,Inside Unit,2020-04-29,520000,555000,555000,1085,37,2349.84,Freehold Strata,315.24,"Pets Allowed, Rentals Allowed with Restrictions",CD
R2412518,# 401 6540 BURLINGTON AVENUE,Burnaby,Metrotown,2,1,Apartment,1 Storey,2019-12-30,463000,479900,499900,1012,37,2003.21,Freehold Strata,293.35,"Pets Allowed with Restrictions, Rentals Not Allowed",STRATA
R2439091,# 405 6540 BURLINGTON AVENUE,Burnaby,Metrotown,2,1,Apartment,Corner Unit,2020-03-12,490000,480000,480000,1057,37,2153.79,Freehold Strata,298.66,"Pets Allowed with Restrictions, Rentals Allowed with Restrictions",CD
R2427129,# 2505 6540 BURLINGTON AVENUE,Burnaby,Metrotown,2,1,Apartment,Upper Unit,2020-02-18,500000,549000,549000,1190,37,2582.79,Freehold Strata,345.99,"Pets Allowed with Restrictions, Rentals Not Allowed",CD
R2448449,# 3308 4900 LENNOX LANE,Burnaby,Metrotown,1,1,Apartment,1 Storey,2020-04-14,565000,588000,588000,548,3,1802.19,Freehold Strata,174.17,"Pets Allowed with Restrictions, Rentals Allowed",APT
R2448712,# 3204 4900 LENNOX LANE,Burnaby,Metrotown,1,1,Apartment,Upper Unit,2020-06-10,530500,538000,549000,503,3,2349.84,Freehold Strata,160.51,"Pets Allowed, Rentals Allowed",CD
R2450425,# 3904 4900 LENNOX LANE,Burnaby,Metrotown,1,1,Apartment,Upper Unit,2020-05-03,541000,548000,548000,503,3,2372.56,Freehold Strata,,No Restrictions,CD
R2441150,# 1607 4900 LENNOX LANE,Burnaby,Metrotown,1,1,Apartment,"5 Plus Level, Other",2020-03-09,546000,549900,549900,512,3,2236.2,Freehold Strata,163.92,"Pets Allowed, Rentals Allowed",STRATA
R2453791,# 701 6588 NELSON AVENUE,Burnaby,Metrotown,1,1,Apartment,1 Storey,2020-05-24,588000,599900,599900,611,5,2281.64,Freehold Strata,216.27,"Pets Allowed, Rentals Allowed",CD
R2466106,# 2103 6588 NELSON AVENUE,Burnaby,Metrotown,1,1,Apartment,1 Storey,2020-06-23,540000,583000,583000,540,5,2290.18,Freehold Strata,193.1,"Pets Allowed with Restrictions, Rentals Allowed with Restrictions",CD
R2435713,# 3603 6588 NELSON AVENUE,Burnaby,Metrotown,1,1,Apartment,1 Storey,2020-02-18,562388,578000,578000,540,5,2369.73,Freehold Strata,193.1,No Restrictions,APT
R2435720,# 3003 6588 NELSON AVENUE,Burnaby,Metrotown,1,1,Apartment,"1 Storey, Upper Unit",2020-02-22,575000,618000,618000,540,5,2344.16,Freehold Strata,193.1,"Pets Allowed with Restrictions, Rentals Allowed",CD
R2443753,# 1707 6070 MCMURRAY AVENUE,Burnaby,Forest Glen BS,2,2,Apartment,Other,2020-05-21,600000,625000,650000,1070,33,2559.0,Freehold Strata,450.0,"Pets Not Allowed, Rentals Not Allowed",RM
R2426537,# 604 6055 NELSON AVENUE,Burnaby,Forest Glen BS,1,1,Apartment,1 Storey,2020-01-09,470000,478000,478000,816,32,2029.69,Freehold Strata,300.0,"Pets Not Allowed, Rentals Not Allowed",CD RMS
R2463447,# 911 4670 ASSEMBLY WAY,Burnaby,Metrotown,1,1,Apartment,1 Storey,2020-06-10,576000,599000,599000,588,2,2267.14,Freehold Strata,234.04,"Pets Allowed with Restrictions, Rentals Allowed",MULTI
R2424786,# 1003 4670 ASSEMBLY WAY,Burnaby,Metrotown,1,1,Apartment,1 Storey,2019-12-25,503000,488800,488800,513,2,2108.04,Freehold Strata,200.0,"Pets Allowed with Restrictions, Rentals Allowed",CD1
R2434889,# 1503 4657 HAZEL STREET,Burnaby,Forest Glen BS,1,1,Apartment,"Corner Unit, Upper Unit",2020-03-26,531500,549900,549900,769,27,2351.37,Freehold Strata,226.54,"Pets Allowed with Restrictions, Rentals Allowed with Restrictions",RM-5
R2432175,# 404 4657 HAZEL STREET,Burnaby,Forest Glen BS,1,1,Apartment,1 Storey,2020-03-30,423000,449000,480000,686,27,2081.47,Freehold Strata,195.92,"Pets Allowed with Restrictions, Rentals Allowed with Restrictions",CD
R2402094,# 605 4689 HAZEL STREET,Burnaby,Forest Glen BS,1,1,Apartment,Inside Unit,2020-01-26,471000,499900,519000,700,26,2092.83,Freehold Strata,197.13,"Pets Allowed with Restrictions, Rentals Allowed with Restrictions",CD
R2441875,# 503 4657 HAZEL STREET,Burnaby,Forest Glen BS,1,1,Apartment,Corner Unit,2020-05-11,480000,519999,489999,769,27,1446.83,Freehold Strata,226.54,"Pets Allowed with Restrictions, Rentals Allowed with Restrictions",RM-5
R2441596,# 1602 4657 HAZEL STREET,Burnaby,Forest Glen BS,1,1,Apartment,"1 Storey, Upper Unit",2020-06-03,494000,519799,519799,705,26,,Freehold Strata,198.34,"Pets Allowed with Restrictions, Rentals Allowed with Restrictions",MF
R2435186,# 1402 4657 HAZEL STREET,Burnaby,Forest Glen BS,1,1,Apartment,Upper Unit,2020-02-17,503000,519000,519000,705,27,2200.8,Freehold Strata,198.34,"Pets Allowed with Restrictions, Rentals Allowed with Restrictions",CD
R2448146,# 138 7388 MACPHERSON AVENUE,Burnaby,Metrotown,2,1,Apartment,"Corner Unit, Ground Level Unit",2020-04-26,570000,599900,599900,913,14,2454.44,Freehold Strata,235.0,"Pets Allowed with Restrictions, Rentals Allowed with Restrictions",CD
R2429236,# 203 7326 ANTRIM AVENUE,Burnaby,Metrotown,1,1,Apartment,Inside Unit,2020-01-27,425000,440000,440000,703,25,1879.4,Freehold Strata,281.33,"Pets Allowed with Restrictions, Rentals Allowed with Restrictions",CD
R2435253,# 101 7188 ROYAL OAK AVENUE,Burnaby,Metrotown,0,1,Apartment,1 Storey,2020-03-16,320000,348800,368800,474,27,1487.13,Freehold Strata,205.07,"Pets Allowed with Restrictions, Rentals Allowed with Restrictions",CD
R2437573,# 111 7117 ANTRIM AVENUE,Burnaby,Metrotown,2,2,Apartment,Corner Unit,2020-03-04,560000,578000,599800,1030,24,2408.24,Freehold Strata,358.43,"Pets Allowed, Rentals Allowed with Restrictions",RES
R2421193,# 210 5375 VICTORY STREET,Burnaby,Metrotown,2,2,Apartment,1 Storey,2019-12-28,519000,529900,529900,1002,28,2250.67,Freehold Strata,411.01,Pets Not Allowed,CD
R2463959,# 206 5885 IRMIN STREET,Burnaby,Metrotown,2,2,Apartment,Other,2020-06-15,545000,548800,548800,808,11,2339.21,Freehold Strata,361.08,"No Restrictions, Pets Allowed, Rentals Allowed",CD
R2435866,# 412 5889 IRMIN STREET,Burnaby,Metrotown,1,1,Apartment,Penthouse,2020-02-16,460000,458900,458900,611,11,2046.57,Freehold Strata,239.4,"Pets Allowed with Restrictions, Rentals Allowed",CD
R2428977,# 305 5885 IRMIN STREET,Burnaby,Metrotown,1,1,Apartment,1 Storey,2020-01-18,462500,458800,458800,611,11,2009.63,Freehold Strata,239.4,"Pets Allowed with Restrictions, Rentals Allowed with Restrictions",CD
R2435097,# 105 5788 SIDLEY STREET,Burnaby,Metrotown,2,2,Apartment,"Ground Level Unit, Inside Unit",2020-05-29,575000,618000,618000,808,8,2427.36,Freehold Strata,306.72,"Pets Allowed, Rentals Allowed",RM3
R2446778,# 227 5788 SIDLEY STREET,Burnaby,Metrotown,1,1,Apartment,Upper Unit,2020-05-14,385000,418800,418800,464,8,1765.39,Freehold Strata,175.85,,RM3
R2426505,# 304 5788 SIDLEY STREET,Burnaby,Metrotown,1,1,Apartment,Upper Unit,2020-01-12,395000,398000,398000,462,8,1626.68,Freehold Strata,175.85,"Pets Allowed, Rentals Allowed",RM3
R2462799,# 302 7337 MACPHERSON AVENUE,Burnaby,Metrotown,2,1,Apartment,Corner Unit,2020-06-10,583000,599000,599000,875,12,2425.08,Freehold Strata,311.0,No Restrictions,CD
R2454418,# 310 7337 MACPHERSON AVENUE,Burnaby,Metrotown,2,1,Apartment,Corner Unit,2020-05-14,586500,589000,589000,910,12,2501.8,Freehold Strata,331.69,"Pets Allowed with Restrictions, Rentals Allowed",STRATA
R2444767,# 311 5350 VICTORY STREET,Burnaby,Metrotown,2,2,Apartment,Upper Unit,2020-03-16,571500,569000,569000,985,31,2343.88,Freehold Strata,254.05,"Pets Allowed with Restrictions, Rentals Not Allowed",CD
R2437109,# 201 5350 VICTORY STREET,Burnaby,Metrotown,2,2,Apartment,1 Storey,2020-02-20,530000,549000,549000,1010,30,2372.01,Freehold Strata,256.55,"Pets Allowed with Restrictions, Rentals Not Allowed",CD
R2434060,# 305 5350 VICTORY STREET,Burnaby,Metrotown,2,2,Apartment,1 Storey,2020-02-22,548500,569000,569000,1069,31,2422.57,Freehold Strata,275.22,"Pets Allowed with Restrictions, Rentals Not Allowed",CD
R2425916,# 109 5250 VICTORY STREET,Burnaby,Metrotown,2,2,Apartment,Other,2020-01-18,570000,575000,575000,980,29,2180.94,Freehold Strata,316.91,"Pets Allowed with Restrictions, Rentals Allowed",APT
R2431177,# 304 5250 VICTORY STREET,Burnaby,Metrotown,2,2,Apartment,Penthouse,2020-03-06,550000,565000,565000,1006,30,2220.74,Freehold Strata,308.33,"Pets Allowed with Restrictions, Rentals Allowed",CD
R2447203,# 402 6689 WILLINGDON AVENUE,Burnaby,Metrotown,2,1,Apartment,Inside Unit,2020-05-04,423000,435000,435000,803,45,1946.68,Freehold Strata,330.25,"Pets Allowed, Rentals Allowed with Restrictions",CD
R2432470,# 1406 6595 WILLINGDON AVENUE,Burnaby,Metrotown,2,2,Apartment,1 Storey,2020-02-05,464900,464900,464900,905,37,2094.61,Freehold Strata,299.45,Rentals Allowed with Restrictions,CD
R2438616,# 908 6658 DOW AVENUE,Burnaby,Metrotown,1,1,Apartment,Upper Unit,2020-03-03,560000,599900,599900,600,6,2250.56,Freehold Strata,210.0,"Pets Allowed with Restrictions, Rentals Allowed",CD
R2431538,# 803 6282 KATHLEEN AVENUE,Burnaby,Metrotown,2,1,Apartment,Corner Unit,2020-02-01,599900,599900,599900,1168,34,2514.37,Freehold Strata,437.39,"Pets Not Allowed, Rentals Not Allowed",CDRM-5
R2426589,# 101 4155 CENTRAL BOULEVARD,Burnaby,Metrotown,1,1,Townhouse,,2020-02-03,450000,469000,469000,587,14,1968.04,Freehold Strata,185.52,"Pets Allowed with Restrictions, Rentals Allowed",CD
R2417129,# 2803 6088 WILLINGDON AVENUE,Burnaby,Metrotown,1,1,Apartment,Corner Unit,2020-01-06,479738,520000,520000,769,20,2294.6,Freehold Strata,221.12,"Pets Not Allowed, Rentals Allowed with Restrictions",CD
R2431667,# 401 4105 IMPERIAL STREET,Burnaby,Metrotown,2,2,Apartment,Corner Unit,2020-05-08,423000,439900,439900,904,44,1999.67,Freehold Strata,509.91,"Pets Not Allowed, Rentals Allowed with Restrictions",RM4
R2437149,# 805 4105 IMPERIAL STREET,Burnaby,Metrotown,1,1,Apartment,Corner Unit,2020-05-10,355000,369900,388000,645,44,1709.03,Freehold Strata,355.0,"Pets Not Allowed, Rentals Allowed with Restrictions",RM4
R2461930,# 2803 6463 SILVER AVENUE,Burnaby,Metrotown,1,1,Apartment,"1 Storey, Inside Unit",2020-06-09,493000,493900,493900,393,0,,Freehold Strata,209.68,"Pets Allowed, Rentals Allowed",RM4
R2460992,# 2203 6463 SILVER AVENUE,Burnaby,Metrotown,0,1,Apartment,"1 Storey, Inside Unit",2020-06-04,479900,479900,479900,393,0,1331.44,Freehold Strata,209.68,"Pets Allowed, Rentals Allowed",RM4
R2449398,# 3906 6333 SILVER AVENUE,Burnaby,Metrotown,1,1,Apartment,Other,2020-04-16,558000,563900,563900,511,5,2383.96,Freehold Strata,213.61,"Pets Allowed with Restrictions, Rentals Allowed with Restrictions",CD1
R2453530,# 1003 6333 SILVER AVENUE,Burnaby,Metrotown,1,1,Apartment,Inside Unit,2020-06-03,515000,529000,529000,510,5,2222.02,Freehold Strata,210.0,Pets Allowed with Restrictions,CD
R2442637,# 3206 6333 SILVER AVENUE,Burnaby,Metrotown,1,1,Apartment,"1 Storey, Upper Unit",2020-03-17,535000,569000,569000,510,5,1660.75,Freehold Strata,213.61,Rentals Allowed,APT
R2439916,# 1706 6333 SILVER AVENUE,Burnaby,Metrotown,1,1,Apartment,Inside Unit,2020-03-15,535000,559900,575000,512,5,2275.99,Freehold Strata,213.61,"Pets Allowed, Rentals Allowed with Restrictions",CD
R2443472,# 3503 6333 SILVER AVENUE,Burnaby,Metrotown,1,1,Apartment,"1 Storey, Upper Unit",2020-03-19,536800,489000,489000,517,5,2392.48,Freehold Strata,213.61,"Pets Allowed with Restrictions, Rentals Allowed with Restrictions",STRATA
R2436735,# 3506 6333 SILVER AVENUE,Burnaby,Metrotown,1,1,Apartment,"Inside Unit, Upper Unit",2020-02-27,556500,568000,568000,510,5,2372.59,Freehold Strata,213.61,"Pets Allowed with Restrictions, Rentals Allowed",CD1
R2441971,# 1805 4134 MAYWOOD STREET,Burnaby,Metrotown,2,2,Apartment,"Corner Unit, Upper Unit",2020-05-21,575000,584999,599999,942,35,2355.95,Freehold Strata,403.95,"Pets Not Allowed, Rentals Allowed with Restrictions",CD
R2412849,# 704 4194 MAYWOOD STREET,Burnaby,Metrotown,1,1,Apartment,Inside Unit,2020-01-23,412500,429800,448500,746,35,1873.91,Freehold Strata,286.0,"Pets Not Allowed, Rentals Allowed with Restrictions",APT
R2447234,# 704 4134 MAYWOOD STREET,Burnaby,Metrotown,1,1,Apartment,Other,2020-04-01,414000,429900,429900,746,35,1887.16,Freehold Strata,302.96,"Pets Not Allowed, Rentals Allowed with Restrictions",CD
R2426097,# 408 4194 MAYWOOD STREET,Burnaby,Metrotown,1,1,Apartment,1 Storey,2020-01-04,425000,429000,429000,711,35,1862.53,Freehold Strata,302.96,"Pets Not Allowed, Rentals Allowed with Restrictions, Smoking Restrictions",APT
R2441912,# 1203 4134 MAYWOOD STREET,Burnaby,Metrotown,2,2,Apartment,Upper Unit,2020-03-17,496000,499999,499999,942,35,2259.35,Freehold Strata,403.95,"Pets Not Allowed, Rentals Allowed with Restrictions",CD
R2408991,# 905 4194 MAYWOOD STREET,Burnaby,Metrotown,2,1,Apartment,1 Storey,2019-12-28,470000,468000,499000,926,35,2138.13,Freehold Strata,392.2,"Pets Not Allowed, Rentals Allowed with Restrictions, Smoking Restrictions",CD
R2442170,# 1405 4134 MAYWOOD STREET,Burnaby,Metrotown,2,1,Apartment,Corner Unit,2020-03-07,500000,509900,509900,915,37,2196.84,Freehold Strata,403.95,"Pets Not Allowed, Rentals Allowed with Restrictions",CD
R2453756,# 1503 4134 MAYWOOD STREET,Burnaby,Metrotown,2,2,Apartment,Corner Unit,2020-05-08,512500,512500,512500,943,37,2247.98,Freehold Strata,403.95,"Pets Not Allowed, Rentals Allowed with Restrictions",CD
R2407676,# 1204 4200 MAYBERRY STREET,Burnaby,Central Park BS,2,1,Apartment,Upper Unit,2020-02-07,460000,488000,488000,786,43,1991.08,Freehold Strata,399.12,"Pets Allowed with Restrictions, Rentals Allowed",RM
R2413220,# 510 4300 MAYBERRY STREET,Burnaby,Metrotown,2,2,Apartment,Corner Unit,2019-10-18,460000,499000,499000,950,43,2178.03,Freehold Strata,473.26,"Pets Not Allowed, Rentals Allowed",CD
R2450316,# 404 4105 MAYWOOD STREET,Burnaby,Metrotown,2,1,Apartment,1 Storey,2020-05-28,470000,479000,499000,783,43,1904.73,Freehold Strata,454.59,"Pets Not Allowed, Rentals Allowed",RM
R2424987,# 206 4105 MAYWOOD STREET,Burnaby,Metrotown,2,1,Apartment,"1 Storey, Corner Unit",2020-02-04,485000,499999,499999,783,43,1955.85,Freehold Strata,397.6,"Pets Not Allowed, Rentals Allowed",CD
R2421033,# 405 4689 HAZEL STREET,Burnaby,Forest Glen BS,1,1,Apartment,1 Storey,2019-12-28,466000,490000,490000,700,26,2072.94,Freehold Strata,197.13,"Pets Allowed with Restrictions, Rentals Allowed with Restrictions",CD
R2443810,# 121 5588 PATTERSON AVENUE,Burnaby,Central Park BS,1,1,Townhouse,,2020-03-16,448888,448000,448000,611,11,1908.68,Freehold Strata,180.08,"Pets Allowed, Rentals Allowed",CD RM3
R2408298,# 113 4255 SARDIS STREET,Burnaby,Central Park BS,1,1,Townhouse,,2020-01-07,442800,469000,469000,598,6,2120.8,Freehold Strata,133.24,"Pets Allowed with Restrictions, Rentals Allowed",CD
R2426206,# 108 5565 BARKER AVENUE,Burnaby,Central Park BS,2,2,Apartment,"1 Storey, Ground Level Unit",2020-05-07,599900,599900,599900,1212,30,2361.63,Freehold Strata,355.0,"Pets Not Allowed, Rentals Not Allowed",CD
R2443962,# 107 5565 BARKER AVENUE,Burnaby,Central Park BS,2,2,Apartment,"3 Storey, Ground Level Unit",2020-03-23,580000,618000,618000,1207,30,2361.63,Freehold Strata,354.97,"Pets Not Allowed, Rentals Not Allowed",CD
R2463134,# 2104 5652 PATTERSON AVENUE,Burnaby,Central Park BS,2,1,Apartment,"Penthouse, Upper Unit",2020-06-12,555000,578888,578888,959,38,2069.69,Freehold Strata,392.15,Rentals Not Allowed,STRATA
R2453869,# 403 5645 BARKER AVENUE,Burnaby,Central Park BS,0,1,Apartment,"Inside Unit, Bachelor/Studio",2020-05-07,295000,299000,299000,519,46,1478.0,Freehold Strata,207.73,"Pets Not Allowed, Rentals Not Allowed",CD
R2430186,# 203 4160 SARDIS STREET,Burnaby,Central Park BS,1,1,Apartment,Inside Unit,2020-01-24,295000,298000,298000,498,43,1474.87,Freehold Strata,197.34,"Pets Not Allowed, Rentals Not Allowed",CD
R2437725,# 1703 4160 SARDIS STREET,Burnaby,Central Park BS,1,1,Apartment,Inside Unit,2020-02-22,310000,318000,318000,511,45,1537.38,Freehold Strata,192.09,"Pets Not Allowed, Rentals Not Allowed",CD
R2436349,# 1902 5645 BARKER AVENUE,Burnaby,Central Park BS,1,1,Apartment,"Corner Unit, Upper Unit",2020-02-20,375000,388000,388000,783,46,1964.38,Freehold Strata,302.02,"Pets Not Allowed, Rentals Not Allowed",CD-RM5
R2448997,# 204 4160 SARDIS STREET,Burnaby,Central Park BS,1,1,Apartment,Corner Unit,2020-05-10,400000,419900,419900,760,45,1745.63,Freehold Strata,316.38,"Pets Not Allowed, Rentals Not Allowed",CD
R2428179,# 1205 4160 SARDIS STREET,Burnaby,Central Park BS,1,1,Apartment,Upper Unit,2020-01-20,424000,424900,424900,715,45,1764.37,Freehold Strata,275.79,"Pets Not Allowed, Rentals Not Allowed",STRATA
R2428333,# 1406 4160 SARDIS STREET,Burnaby,Central Park BS,2,1,Apartment,Corner Unit,2020-01-21,470000,479000,479000,938,43,2049.63,Freehold Strata,357.0,"Pets Not Allowed, Rentals Not Allowed",CD
R2417528,# 507 5645 BARKER AVENUE,Burnaby,Central Park BS,2,2,Apartment,1 Storey,2020-01-22,485000,499000,499000,947,45,1975.75,Freehold Strata,365.0,"Pets Not Allowed, Rentals Not Allowed",STRATA
R2425550,# 1601 5652 PATTERSON AVENUE,Burnaby,Central Park BS,2,1,Apartment,"1 Storey, Upper Unit",2020-01-01,540000,568800,568800,918,39,2112.04,Freehold Strata,354.09,"Pets Not Allowed, Rentals Not Allowed",CDRM5
R2448891,# 2103 5652 PATTERSON AVENUE,Burnaby,Central Park BS,2,1,Apartment,Penthouse,2020-05-06,548000,575000,575000,1061,38,2271.0,Freehold Strata,422.51,"Pets Not Allowed, Rentals Not Allowed",CD
R2456638,# 301 5565 INMAN AVENUE,Burnaby,Central Park BS,1,1,Apartment,Corner Unit,2020-05-20,451000,435000,435000,734,30,1465.88,Freehold Strata,261.77,"Pets Allowed with Restrictions, Rentals Not Allowed",CD
R2449470,# 210 5655 INMAN AVENUE,Burnaby,Central Park BS,1,1,Apartment,Inside Unit,2020-04-09,442000,448000,448000,607,8,2072.58,Freehold Strata,195.85,"Pets Allowed with Restrictions, Rentals Allowed",CD
R2452076,# 208 3895 SANDELL STREET,Burnaby,Central Park BS,2,2,Apartment,Other,2020-05-08,598000,599000,599000,929,13,2474.03,Freehold Strata,340.06,"Pets Allowed with Restrictions, Rentals Allowed with Restrictions",CD
R2465048,# 403 5667 SMITH AVENUE,Burnaby,Central Park BS,1,1,Apartment,"1 Storey, Upper Unit",2020-06-20,449000,449000,449000,685,23,1997.24,Freehold Strata,242.0,"Pets Allowed with Restrictions, Rentals Allowed with Restrictions",CD
R2435189,# 105 5577 SMITH AVENUE,Burnaby,Central Park BS,1,1,Apartment,"Corner Unit, Ground Level Unit",2020-02-18,405000,399000,399000,780,23,1817.21,Freehold Strata,303.5,"Pets Allowed with Restrictions, Rentals Allowed with Restrictions, Smoking Restrictions",APT
R2439212,# 1 3701 THURSTON STREET,Burnaby,Central Park BS,2,2,Townhouse,,2020-03-02,590000,548000,548000,1125,28,2301.7,Freehold Strata,276.51,"Pets Allowed with Restrictions, Rentals Not Allowed",CD
